Time,Channel_1,Channel_2,Channel_3,Channel_4,Highlighted
0.0,0.3822657798444598,-0.1298447830500232,0.2889086071198461,-0.1144971305559582,0
0.004004004004004,0.9745337436998384,0.6592552052738021,0.8904703584914461,1.0517356145440158,0
0.008008008008008,-0.4018807355015893,0.9177290044866886,0.5110039758696274,0.3675711187787399,0
0.012012012012012,0.6108663810489552,0.3968753993340234,1.017980264221237,-0.0866323847512714,0
0.016016016016016,0.6138188537422661,0.2766765305324599,1.1224378991260089,1.7577587068613854,0
0.02002002002002,0.7376071743781774,0.81327809849166,-0.1946845977618344,0.106849887067605,0
0.024024024024024,1.7132926394026051,0.6863494335131407,-0.1029316423248325,-1.0381996564180669,0
0.028028028028028,0.2860176684038639,-0.0930825052017923,-0.4126712282178552,-0.8806040787287442,0
0.032032032032032,0.6536432114948925,0.961629730889252,-1.9634144983194224,-0.6354187108163823,0
0.036036036036036,0.5848624762172017,-0.1964882651583994,-0.9746936184477414,0.0840081119501849,0
0.04004004004004,0.1608041227976784,0.253353105695674,-0.7154291195398058,0.228349972409031,0
0.044044044044044,0.7436023139086678,-1.6436082198265558,-0.2062694029387939,0.344328024955237,0
0.048048048048048,0.4433633054529584,-1.0034321079019333,0.4340428020771145,1.180119440305113,0
0.052052052052052,-0.9565964230255476,-0.9313003393098848,0.1188407390409386,1.0482814253598756,0
0.056056056056056,0.6075009193274574,-0.6077901723732844,1.0094246973536327,0.9769818587200578,0
0.06006006006006,-0.5428595727388102,-0.8380456347866081,1.5804603331347469,-0.675009856636773,0
0.064064064064064,-1.836962801543252,0.7741828265210631,1.0161765140044166,-0.0579112904627792,0
0.068068068068068,-1.5368727195444123,0.4321376520656333,0.1293796201306466,-0.0106755470216556,0
0.072072072072072,-1.352200261180916,0.6561851443577743,0.3234354126606029,-0.3998537335435538,0
0.076076076076076,-2.335444248235252,0.9024325943958528,-0.5593144086840913,-0.3706355270542757,0
0.08008008008008,-1.0598948707339777,0.9259300455001254,-0.5804242143101245,-0.2101061234003507,0
0.084084084084084,-0.8865982816741244,0.6258677277076912,-0.497865041108491,0.933166882002112,0
0.088088088088088,-1.0734957770920075,0.6586314204000321,-1.0114477085041182,0.3258941925270214,0
0.0920920920920921,-2.017560571493564,0.94404639476867,-1.0203963177972004,0.8549626823657159,0
0.0960960960960961,0.0744360045850761,0.9111462383977352,1.272910096635384,0.8777843663908402,0
0.1001001001001,-0.3801471613025071,0.792508207330137,1.2622430872584136,-0.2572814061954658,0
0.1041041041041041,-0.7763645718448342,-0.7606540893923237,1.2170821713757176,-1.3786553294042658,0
0.1081081081081081,1.2448864053190474,-0.8734758159781401,0.8057832138370541,-1.3144101331604756,0
0.1121121121121121,0.7965629078109425,-1.1482458134863227,0.8296126153707739,-0.6608682184388193,0
0.1161161161161161,1.3005282596615375,-0.0614672065348994,0.5813850439354532,-0.616859603767912,0
0.1201201201201201,1.169599165580041,-0.922151097598908,0.2079615259678401,0.5946123772020228,0
0.1241241241241241,0.9997401712638292,0.0410215106121408,0.2622913965584501,0.5961819718272842,0
0.1281281281281281,0.4601721016844862,-0.905785473223668,-0.193916407318192,0.4864549557910386,0
0.1321321321321321,1.4739333218637736,-0.0997016975592123,0.0620666482154649,0.9536542210244776,0
0.1361361361361361,0.9561390107908854,0.7099801618534639,-1.1881408506287956,0.6643392112879398,0
0.1401401401401401,0.9116012264052412,0.9621051225238164,-1.9047632805552943,0.2177793472113259,0
0.1441441441441441,0.3823367328131032,0.9198472999022952,-0.7910686379615466,-2.123395102466468,0
0.1481481481481481,-0.0472150743377781,0.723803778789673,-1.3190086340200164,-1.5205212018746708,0
0.1521521521521521,0.7964088617284026,0.7679268455741317,0.2702114785776264,-0.1329154017639823,0
0.1561561561561561,-0.0433723837406948,1.0746168774419669,1.4516611537799746,-1.340321855047895,0
0.1601601601601601,-0.2727065522711339,0.4835302693057168,0.5865126118536947,0.6746638651603913,0
0.1641641641641641,-1.844174617234976,-0.0770067392598586,1.3445211800233894,0.6374499181262742,0
0.1681681681681681,-0.7245883536507995,-0.2553823898727648,0.7097473932386135,0.9331164282384454,0
0.1721721721721721,-0.8818388953511701,-0.4170775007324485,0.6564014324140783,0.3246164710787361,0
0.1761761761761761,-0.451323256059094,-0.2070407426706908,-0.111361815085476,1.00976135417787,0
0.1801801801801801,-1.5560009985927634,-1.1209301380915442,-0.4371030566299375,-0.7035465349608774,0
0.1841841841841842,-0.3780945168010285,-1.2045513129843106,-0.1760132576484163,0.0589647268220295,0
0.1881881881881882,-0.4359525425577227,-0.5569755188931309,-1.1419943172529043,0.0060474390994278,0
0.1921921921921922,-0.8517393381504816,-1.3142892921450375,-0.2105074024618843,-1.2773482253661894,0
0.1961961961961962,0.5062888668736173,-1.255751043689047,-0.920308044713787,-0.141506219455351,0
0.2002002002002001,0.4137877600820203,1.062799052841077,-0.4561736354935928,0.1236026643287175,0
0.2042042042042042,0.2209214971362846,-0.1085672924288688,1.4607272972296317,0.972436128463861,0
0.2082082082082082,1.4302052737226958,1.7772674260610088,0.0534031820624524,1.6988596625108832,0
0.2122122122122122,0.3958702844376107,0.4651972440738047,0.5877944594709104,0.5505079864724319,0
0.2162162162162162,1.4733288138589566,0.6212973479110815,0.7457965865082823,1.0653902463170788,0
0.2202202202202202,1.142706368160357,1.5549730400213548,0.9888793038800304,-1.1927048625030914,0
0.2242242242242242,1.5571213450335577,0.7362378063281424,0.2934917687599897,-2.197252956184125,0
0.2282282282282282,0.8440539710416917,-0.3678646629284415,-1.1035969587884855,-0.1474092485642977,0
0.2322322322322322,1.6530988315685071,0.4188037631225872,-1.1758416266780476,-1.3770865786910964,0
0.2362362362362362,0.1741521112226235,-0.3225047823330695,-0.9661132797629745,-0.9731853947216756,0
0.2402402402402402,0.1256126926104692,-0.8498804654774195,-0.4067072876562156,-0.2059056055027034,0
0.2442442442442442,0.4680757184363806,-0.3347754330046155,-0.6635069334628462,0.6848361546889374,0
0.2482482482482482,0.2779637042663303,-1.2958091225560235,-0.6044962476336202,1.1560584298861396,0
0.2522522522522522,-0.0269403310260673,-0.761822912353858,0.7272469737476901,1.462571718439264,0
0.2562562562562562,-0.4737567089875008,-1.1153408227214552,-0.282249651372543,-0.1457516314433106,0
0.2602602602602603,0.1035426257660396,0.3310221684095025,1.5780961509483895,0.5868258296873471,0
0.2642642642642642,-1.188053514876446,-0.407914870814582,1.0607436515649435,-0.4640325907497611,0
0.2682682682682683,-1.4454545917569157,0.7323035749206035,1.6251444379513842,-0.7572831756886835,0
0.2722722722722722,-1.0812300001594553,0.0262987729040096,0.4348962947596164,-1.6345790549617187,0
0.2762762762762762,-0.8335754467587206,0.8456734406294657,-0.3643529994607737,-0.9171350071032188,0
0.2802802802802803,-0.5144424055160534,0.8668641269719506,-0.8652564574815026,0.6602564696993543,0
0.2842842842842842,-1.110798569628958,0.1014354423252666,-0.9053920370991604,1.1211603536861825,0
0.2882882882882883,-0.5853227990443391,0.5220941450862713,-1.2582465105623069,1.2152485711546033,0
0.2922922922922923,-1.229320770741334,0.7464562996719992,-1.209090576192597,0.3749834805051926,0
0.2962962962962963,-0.2706197728796623,1.6614287319858625,-0.1636996662726776,-0.8134932449056607,0
0.3003003003003003,0.2016951614434118,-0.3342797134793376,-0.1983303121785369,-0.834979151536701,0
0.3043043043043043,1.2841683730820854,-0.7230836535664995,0.5358946217393667,0.0130221773570083,0
0.3083083083083083,-0.1080520346910484,-0.8183111742362429,0.9203321993674596,-0.8820213390458828,0
0.3123123123123123,0.6502330395851741,-0.2146803091168366,1.4930165274743394,-0.9509513927557286,0
0.3163163163163163,1.1394053686715713,-0.9009471454930256,0.6888601172759095,-1.3149323413520673,0
0.3203203203203203,1.1226434555512557,-0.8674603101031917,0.6196962908588046,-0.4947458862760203,0
0.3243243243243243,1.9118176834989788,-1.1868219241118056,0.0804973585196812,0.3829704247802937,0
0.3283283283283283,1.6573023533003457,-0.3935167305937856,-0.2884527379116529,0.3878747151069772,0
0.3323323323323323,1.5777293426374943,-0.2790931231378653,-0.4663783412711381,1.2318284758957412,0
0.3363363363363363,0.8509230584272187,-0.3190529210379453,-1.6397794527109495,1.3252639908666102,0
0.3403403403403403,1.367669520799218,0.2330635195305525,-1.234893955681044,-0.1508066283486429,0
0.3443443443443443,1.7009529352590065,1.1451183963856777,0.9878387224086554,-0.368248214014075,0
0.3483483483483483,-0.3346101020033403,1.3305689728863088,-0.8160221264543789,-1.1227044304791074,0
0.3523523523523523,0.1888531227687455,1.323676850103833,0.0696093298928788,-0.9306292507289068,0
0.3563563563563564,-0.4739374132857465,1.553332838033027,0.6768627961835327,0.4811317617610814,0
0.3603603603603603,-0.7506780641070085,0.2744041615303251,0.5510563019067543,0.8683371050236858,0
0.3643643643643643,-0.4272898905332496,0.6085105787566808,0.5073976079195348,1.696774776982478,0
0.3683683683683684,-1.2554457207005725,0.1464623477811838,0.5750936878941315,1.2793430037505238,0
0.3723723723723723,-1.1541047792131494,-0.962576253343478,0.2808781340054281,0.0080462602299384,0
0.3763763763763764,-1.3211768050856891,-0.817617531422125,0.9811945056248312,-0.1664240354737022,0
0.3803803803803803,-0.8469357852695528,-0.2557045434647522,-1.401300001847286,1.0139704234333098,0
0.3843843843843844,-0.0968030405848801,-1.6164510182859284,-1.4964421013189757,0.0344867580034994,0
0.3883883883883884,-0.03035528874308,-1.1059737205568465,-0.2670942134814492,-0.2499271946523279,0
0.3923923923923924,-0.6909293530583891,0.1783289337587458,-0.7971186425119636,-0.079212282155893,0
0.3963963963963964,0.1023930699283443,-1.1172810773151858,-1.427296543175644,-1.3617586709451488,0
0.4004004004004003,0.484573768289534,0.1353222355862305,0.1688990837649466,0.7456528971069094,1
0.4044044044044044,0.6638748049831231,0.7912871149984428,0.8477756264060201,0.6647600367605268,1
0.4084084084084084,0.4903131334209257,0.6508459189448303,1.6184260126372545,1.1062339148411648,1
0.4124124124124124,1.7706528700236286,0.9999023288537738,1.765547622687158,0.1600376862702227,1
0.4164164164164164,0.1992162127095825,1.1310587697383194,1.7781275430974386,1.2671242933855646,1
0.4204204204204204,0.945189028483509,1.0393127364710713,1.2944580004903454,0.4221908413678018,1
0.4244244244244244,2.2800632997612897,0.4005601092719823,1.2693580118310577,-1.3611188198034545,1
0.4284284284284284,0.6826402763386361,0.5148543141189443,-0.5935964507232753,-1.3745532953192052,1
0.4324324324324324,0.4915379647690959,0.1629912170834717,-0.773805924133487,-0.7896238746016998,1
0.4364364364364364,0.6628930850093524,-0.5794516004503844,-0.8479348141994357,-0.2079871842723923,1
0.4404404404404404,1.126362182681567,-1.2892412287615638,-0.565148401456997,0.5725352951887012,1
0.4444444444444444,0.8546996553103743,-0.0689324261129287,-0.2190121651701658,0.8471641764768421,1
0.4484484484484484,0.0504432539417566,-1.0880367160903095,-0.2745249876119917,0.1716919907336471,1
0.4524524524524524,0.2504736097401617,-0.6067676674345907,1.2029981768399634,0.7759883087424713,1
0.4564564564564564,-0.1080612145711673,0.3623637542242894,0.7623396246388036,0.1830887082178723,1
0.4604604604604604,-0.1153302151487707,-0.6339634690940394,0.2783920732355193,0.3276014562258417,1
0.4644644644644644,-0.754329169492066,-0.5707090574859461,1.0335853301922582,-0.7224988632172985,1
0.4684684684684684,-0.4358638238223767,0.3951621249836183,1.0920890665031937,-1.1382201508893588,1
0.4724724724724725,-0.9953106674120056,0.3368701545429049,0.40763383013583,-1.579185141882632,1
0.4764764764764764,-0.4414914411906304,1.3954030710109495,-0.6726525397897164,0.1450467541960686,1
0.4804804804804805,-1.77648965068073,1.2193141103136629,-0.703053917260845,-0.0420600696288082,1
0.4844844844844845,-1.459200506571339,1.9560022528417949,-1.5210123722714726,1.1185655708170896,1
0.4884884884884884,-1.1888229969201642,1.3314128455790055,-1.1602073211340762,1.5910721712770766,1
0.4924924924924925,-0.7022513898510362,0.7986374198239885,-0.9759004884998737,0.8475862545817958,1
0.4964964964964965,-0.0487802758082818,0.6350042822428441,-0.8051160849648289,-0.2690840687409492,1
0.5005005005005005,0.000971218998793,-0.6000257148457737,-0.3455334212475087,0.4490692748906862,1
0.5045045045045045,-0.1990865249804908,-1.0598830798010734,0.9146602168886034,0.3017839779859461,1
0.5085085085085085,0.3176047131952919,-0.7153350359449285,1.116297197283067,-1.205364727321643,1
0.5125125125125125,0.5679417198730405,-1.510241856386188,1.1471453329844363,0.5362402022015726,1
0.5165165165165165,0.5400840846032877,-1.1341680928476647,0.9304841348500816,-1.5028107377189954,1
0.5205205205205206,0.7601724773206314,-0.8006677713537301,1.0372021179669333,0.8833767852885698,1
0.5245245245245245,1.3123443516231743,-1.506649253429852,-0.249609721962426,0.8108923604552699,1
0.5285285285285285,1.1238677033409032,-0.689732693411213,-0.2726285001072875,0.3761361517314908,1
0.5325325325325325,0.3557855593452067,-0.4258906897706584,-0.1207083547472165,0.7675136729637709,1
0.5365365365365365,0.0416340751199477,0.8134645919079355,-0.4933596350577653,0.5837480423081227,1
0.5405405405405406,0.1425754921171133,0.620919420774353,-0.4048219713754724,0.989070901649048,1
0.5445445445445445,0.6382227317948466,0.8967159351546128,-0.2798089896567212,-0.7024404764318899,1
0.5485485485485485,0.6668605169487527,0.8294923746403208,-0.3004456194561415,-1.2967694886450911,1
0.5525525525525525,-0.0942169420195916,0.989948864446166,-0.1328108389153143,-1.2743567990726057,1
0.5565565565565566,-0.768570151643438,1.6110013593023362,1.3156284775835425,-0.1408841463719992,1
0.5605605605605606,-0.8757516001941814,-0.2621271649595307,1.0704831348631376,0.4781513103698658,1
0.5645645645645646,0.09828040360077,0.5006434802835522,0.4784953486547726,0.7013151716202866,1
0.5685685685685685,-0.6778991825503886,1.1054646246480642,0.4857806545062012,0.510334795970828,1
0.5725725725725725,-0.8848064737161206,0.2095230531163933,0.8469060808825108,0.6792214555174219,1
0.5765765765765766,-1.018087510079772,-0.6752100046666994,-0.9017260843707856,0.4895160030700043,1
0.5805805805805806,-1.5915734674986188,-1.1369554847715853,-0.9086149923507144,-0.2734419112877598,1
0.5845845845845846,-0.7823033501967732,-1.1904137952154812,-0.4943103223626419,-1.110255786401933,1
0.5885885885885885,-1.1326329516661864,-0.774927203422757,-1.2956583335573026,-2.0249686423835525,1
0.5925925925925926,-0.5816893818593089,-1.4481034031086213,-0.1301377633035361,-1.182955763001858,1
0.5965965965965966,-0.4703889931596939,-1.3105793247383482,-0.4553413623653761,-0.4111692676038521,1
0.6006006006006006,-0.2724962459806246,-0.1649779671207489,-0.0446738153503649,0.6665886756928611,1
0.6046046046046046,0.1182665031298267,0.1150300153854575,0.5780482531365505,1.1269785397961312,1
0.6086086086086087,0.7370932166572501,0.0979027237566264,0.8944845486035677,1.7561750467534187,1
0.6126126126126126,1.774049196960213,0.1860234992772863,0.7982003043582047,2.099223968876455,1
0.6166166166166166,1.0951162882485854,1.5100540131546891,0.9453608558147888,0.7068471200987391,1
0.6206206206206206,0.8133992013251883,0.7221060576034375,1.1301191278558431,-0.9318714308168958,1
0.6246246246246246,0.3213633686564956,-0.0387643488901664,-0.6390614931765075,-0.8176876850027928,1
0.6286286286286287,-0.0609890785914704,0.6723244693252031,0.8408583480861119,-1.417658369545441,1
0.6326326326326326,1.5881432644223468,-0.4728480945718998,-0.7620054527954216,-1.4386793403805174,1
0.6366366366366366,0.4539083510212717,0.4091840320885327,-1.0210321053755094,-1.0850126145606498,1
0.6406406406406406,0.5695466080381846,-0.1133601541702392,-1.553778435516478,-0.0985175735742163,1
0.6446446446446447,1.4321876275811245,-0.5381454580607581,-0.4540063990033821,0.2103239163503264,1
0.6486486486486487,0.3891606342925677,-1.5065921723266331,0.3682605134369016,0.4368620252116735,1
0.6526526526526526,-0.3688294593816032,-2.6013048745466496,0.6482994054358435,0.9790848675230868,1
0.6566566566566566,-1.1061547676878032,-1.6695807432816072,0.8460609265957104,0.0928812777087909,1
0.6606606606606606,-0.6072864456300109,-0.2795803655650657,0.6811846212532042,-1.04259018960941,1
0.6646646646646647,0.452841930394546,-0.4585975578126106,0.3725319084033043,-0.5731763912863463,1
0.6686686686686687,-0.5001151595291762,0.1179749533205839,1.0152226161218538,-1.400961437972566,1
0.6726726726726726,-0.6751883473466653,0.982189727520128,0.466697616312879,-1.178571732139596,1
0.6766766766766766,-1.0682433035485444,1.3353936333600416,-0.0661523048502531,-0.8542204448299519,1
0.6806806806806807,-1.366743636241149,0.3982096342679015,-0.6503277546721051,-1.359449653078094,1
0.6846846846846847,-1.0095824264609194,1.1548851199030326,-0.9069208007230692,0.6001885611939872,1
0.6886886886886887,-0.2192376527744668,0.3475668007798362,-0.9916187335398432,0.7742699640888463,1
0.6926926926926927,-0.3278919355623115,0.5774126976126424,-0.4157010743060128,1.1576721861382946,1
0.6966966966966966,-0.1280226972068627,0.3430693005359857,-0.1182306029807711,0.011520421933692,1
0.7007007007007007,0.639731055943281,-0.1676628317892861,0.5325581407453283,-0.3944721412343021,1
0.7047047047047047,0.2405042160021755,-0.2797327590832335,0.1998265267918789,-0.9775274875832638,1
0.7087087087087087,0.7534210311908416,-1.4381365536581812,1.435875068960999,-1.3636901621528226,1
0.7127127127127127,0.3902890563587438,-1.3208834614842235,1.701052351767756,-0.999575060159729,1
0.7167167167167167,0.6411187301594397,-1.6508726756158445,0.6394812681888706,-0.9405285766322816,1
0.7207207207207207,1.1741550603941688,-0.6533035869247992,0.6022725018235395,0.0702902554705179,1
0.7247247247247247,0.1162166399013666,0.5078210757777337,-0.1571155147805573,1.1272709096683755,1
0.7287287287287287,1.0733267125138708,-0.979609720180357,-0.6027548752526849,-0.3036997895604905,1
0.7327327327327328,1.3069125989831527,0.0789487299465044,-0.1819003892062066,0.5518474783688712,1
0.7367367367367368,0.4897580219551921,0.7234636434478767,-1.7761268470633813,0.2241098828720983,1
0.7407407407407407,-0.0470454961610967,0.73300997721058,-0.3025992232443026,-0.1631108956844917,1
0.7447447447447447,0.4285927758612989,0.7689213416754134,-1.437245383253701,-1.0204241128956295,1
0.7487487487487487,0.349126206631674,1.5522621371370189,-0.5006484687792712,-1.0936377822950067,1
0.7527527527527528,0.2415732503478003,0.9941787215193052,1.0848561403872672,-1.178682628734017,1
0.7567567567567568,0.2601393263970704,1.231467351295478,-0.2852718589489218,-0.319423309692292,1
0.7607607607607607,-0.3976858033650071,1.0672853527085024,2.151522403787984,0.5053437148662154,1
0.7647647647647647,-0.9068323870379292,-0.1531138608689556,0.4615550140183882,1.0152450807778317,1
0.7687687687687688,-0.4092077168136597,-0.348887868678616,0.7753563582456641,0.5127041922364557,1
0.7727727727727728,-0.4022736706329926,-0.2585787044187825,0.2938563602817503,0.3686729922770678,1
0.7767767767767768,-0.7530781621693224,-0.4448405588702532,0.0970319875128523,0.6133666195959752,1
0.7807807807807807,-1.1536632893614094,-0.9152916436360964,-1.0817102419686735,-0.2541320797869937,1
0.7847847847847848,-1.0452575102779886,-0.3484744411166541,-0.4518461563349585,-0.5751742898967054,1
0.7887887887887888,-0.8733205349251866,-0.2621476396583766,-1.251884157139804,-1.6586368513494272,1
0.7927927927927928,-1.698970253766919,0.0312612573633734,-0.6483983414491292,0.0597330677496333,1
0.7967967967967968,0.2361512707919107,-0.1988483813021235,-0.2454201925310238,0.0232936165180534,1
0.8008008008008007,0.4585014127026477,0.013109051571353,-0.2104516457809437,0.4412518226081731,0
0.8048048048048048,0.1184066957831853,0.0307233576165562,0.5340804206994924,1.0850942348711534,0
0.8088088088088088,0.8448434875606723,1.2326898417810113,-0.1208260084599164,0.8978628025847484,0
0.8128128128128128,0.2776507589410656,1.8129558253568403,0.7523582471530813,0.4757129720126938,0
0.8168168168168168,1.3005372582710837,1.0779043637465158,1.2206804596445346,0.6087605583871767,0
0.8208208208208209,1.4149821261790407,0.6191370185420018,0.4875661904202188,-0.5115036218881306,0
0.8248248248248248,0.6919935137754067,1.3431542199372666,-0.070045195973305,-0.4265723982426747,0
0.8288288288288288,0.5818707404280767,0.3349698322294057,0.1466161741542428,-0.0403797397091192,0
0.8328328328328328,1.0350776007351012,0.154633673064596,-0.7285270479059168,-1.7430582058081314,0
0.8368368368368369,1.7296777476626124,-1.614195680860682,-0.9740058371730484,-0.2506129913845898,0
0.8408408408408409,-0.0592970584084072,-0.6816493368711143,-1.12934165355244,1.0494666087755218,0
0.8448448448448448,1.1577608505686343,-1.272618232973437,-0.5596946512777701,0.8473686203335953,0
0.8488488488488488,-0.2174874548270637,-1.67879517013083,-0.293070436980937,0.9817143701349272,0
0.8528528528528528,0.3762263804820023,-1.3383368753542153,0.8650432973272683,0.1945447765604168,0
0.8568568568568569,-0.8856209460093112,-0.8177142366287097,1.2619829526266515,0.00704421424545,0
0.8608608608608609,-0.5879704423874499,-0.6926948237979808,0.9463776619550474,0.0692387276667436,0
0.8648648648648649,-0.929631676022446,-0.5714916861758434,0.3145982446776421,-0.0545883149673528,0
0.8688688688688688,-1.2395017068080838,0.6977647814650043,-0.0896874901686842,-0.7571757634808882,0
0.8728728728728729,-1.9899774531868888,0.4190293469301709,0.08379833558362,-1.1151093616194825,0
0.8768768768768769,-0.5109965988023613,0.3858050881722571,0.142046252520005,-0.7620505137646072,0
0.8808808808808809,-0.8309833555624427,1.5708963162907712,-0.0621602821277001,-0.1346689775958959,0
0.8848848848848849,-0.7973412835486513,1.716202936882409,-0.5870860406746741,0.2777112209731083,0
0.8888888888888888,-0.0646282423529724,1.3595538583452011,-0.8458321503130748,0.7170871191985722,0
0.8928928928928929,-0.3681183304444187,0.850882446652667,-0.6437236935424218,0.6723855946997979,0
0.8968968968968969,-0.331521223258048,-0.4878243717577402,0.1494969892694053,0.283103575319769,0
0.9009009009009008,0.254434126383567,0.5144559876477,-0.7805802150051335,0.0600459244511414,0
0.9049049049049048,0.3374530633140892,-0.3153562916681759,0.467692084364148,-0.3012515712489283,0
0.9089089089089089,0.1155233573457929,-1.3056494378879837,1.4253218894983877,-0.5440600193044327,0
0.9129129129129128,1.2554671374599673,-1.4783188000424032,1.3988668086923797,-0.852584895204374,0
0.9169169169169168,1.1877834092017494,-0.6195893602143716,0.4602905439048247,-0.8819231437534586,0
0.9209209209209208,0.5165518112651829,-1.4709020417956369,0.543298320062011,-0.0197540936101471,0
0.924924924924925,1.489338027813223,-0.5406241012259034,-0.8086596952845196,1.7350264439092775,0
0.9289289289289288,1.0474249413753418,-1.3876714084107864,-0.5238878109095286,1.6169079140239582,0
0.9329329329329328,1.0404645469837552,-0.8329977599180279,-1.216214541278172,0.9518078747273714,0
0.9369369369369368,1.0776213604777225,0.419071733005911,-1.3642603516166387,0.415744676346313,0
0.9409409409409408,-0.3595697289544912,0.2040799113721929,-1.5943547270358864,0.5952640205359812,0
0.944944944944945,0.5857637530026731,1.3333939633527423,-0.6446663075144422,-0.6301262160839268,0
0.948948948948949,0.4981534665059521,0.8102464848545967,-0.3733839820056171,-0.0968377699945131,0
0.9529529529529528,-0.1703637896479227,1.5877168877443015,-0.4435968908467483,-0.5519206703222181,0
0.9569569569569568,-1.0986001215242345,1.582386426271635,0.5968910563774092,0.332630472740184,0
0.960960960960961,0.0711099040376068,0.5189775291839094,1.6658658069304415,1.2628091037552498,0
0.964964964964965,-0.4447327543860517,0.0377854225835182,0.5338267726547267,1.041065011346583,0
0.968968968968969,-1.13560605092303,-0.1252561495640989,0.7520131567177262,1.6909075452198064,0
0.9729729729729728,-1.1698971778494442,-0.7342178814590457,1.0842814686447642,1.7103887782656657,0
0.9769769769769768,-0.6692036548905111,-0.3658286540255738,0.7320978308719561,-0.5536229174868583,0
0.980980980980981,-0.8334470602830301,-0.923567883619781,-0.6612006430574828,0.0606988009402394,0
0.984984984984985,-0.1432787019153824,-0.7307201362144402,-1.5119944206692737,-0.8213762845098707,0
0.988988988988989,-0.8681046892964465,0.4834894850619599,-0.191264071701657,-0.9757389944640812,0
0.992992992992993,-0.4998599523416104,-0.4230223588035542,-1.2992676675597308,-0.6913559044109602,0
0.996996996996997,-0.0627144130273801,-0.9527783788638032,-0.6539312557808987,-0.2550744929020585,0
1.001001001001001,-0.6111498248765197,0.0092547253514638,0.6498484198954044,0.2302978923550936,0
1.005005005005005,0.4214462220577505,0.6641049207483776,0.7056578315618345,0.3829188270437785,0
1.009009009009009,0.5255365285072421,1.089334869162842,1.6343136769652085,1.0052622218107103,0
1.013013013013013,0.5417173581268317,1.7565356607725913,0.6912213085760657,0.4728277128624837,0
1.017017017017017,1.2051326534788365,0.7084797320810694,1.6604499418853351,0.2269745611742488,0
1.021021021021021,0.6063729110532691,0.8422819575583682,0.2117938454889182,-0.4321095382476736,0
1.025025025025025,1.1296481415934807,0.9495401184221935,-1.3012507811648566,-0.9069789271564408,0
1.029029029029029,0.7885998311124806,-0.0187821633428947,-1.161284259287231,-1.3228583013529682,0
1.033033033033033,0.42301586662066,-0.4671498279569848,-1.000468611464994,-1.194953290714172,0
1.037037037037037,1.190517660266781,-0.2662436042852706,-0.8959260673546171,-0.8051915503943412,0
1.0410410410410411,0.7693761635262123,-1.193815037810732,-1.0613060108636438,-0.8172956055776295,0
1.045045045045045,0.6052408530325528,-1.5338346183064295,-0.3361776945654779,1.0263012574135026,0
1.049049049049049,0.7043252589255309,-1.1021609207798888,0.3767580733560055,0.5708559213725461,0
1.053053053053053,-0.3669020508397498,-1.3864356065324956,0.2887074806273996,0.6726380720101379,0
1.057057057057057,-0.2005675639888301,-1.2464901784024212,1.0417914275572553,0.2756410731165392,0
1.0610610610610611,-0.614733218525569,-0.3522699744614147,1.6918137898639871,-1.182446449076334,0
1.065065065065065,-1.042766800119291,0.2743998742238864,1.1701805211622085,-1.5774394321859662,0
1.069069069069069,-1.3467055250014104,0.2790765007926042,0.7770953257662766,-0.8098261111764671,0
1.073073073073073,-0.9874898749403616,0.3834243292946743,-0.4131782983384278,-1.2326257143714363,0
1.077077077077077,-1.8389933777785388,0.8143611699757198,0.2078369719119236,-0.8817511630219594,0
1.0810810810810811,-0.8165575967297056,0.6428461437072679,-1.2921893353435006,0.4126175174382278,0
1.085085085085085,0.349695890679591,0.3479888137440732,-0.2927109114412968,0.4814268806960755,0
1.089089089089089,-0.4152377031205547,1.0774764709478404,-0.5590008601404581,1.0886457524002469,0
1.093093093093093,-0.6017876226976779,0.8057868552885474,-0.6596782060762579,0.1824346373778685,0
1.097097097097097,-0.101251666684013,-0.3666129971738263,0.0861138512586341,-0.7350509884563013,0
1.1011011011011012,-0.4778985837833711,-0.0414946577338843,-0.910853954473874,-0.3557622866249341,0
1.105105105105105,0.1983445051146218,-0.6792609551817534,0.7783040049455925,-1.461851825024301,0
1.1091091091091092,1.3725061229824378,-1.6958288373580364,1.340272488654374,-0.8009742038881446,0
1.1131131131131131,1.2537330604148418,-1.081689827943137,1.0708430485463472,-0.5458194060731498,0
1.117117117117117,1.3421343007863018,-0.8429645301813915,1.192255909060404,0.3870758144955398,0
1.1211211211211212,0.3578597612308873,-1.3226620843510304,0.5741698690186915,-0.6289712760424929,0
1.125125125125125,1.371844965277205,-1.1805201841747426,0.531393212121875,0.1622448302911174,0
1.1291291291291292,1.1958023025752276,-0.0888717278686295,-0.4074723150721363,2.385427285209877,0
1.1331331331331331,1.2271013168416118,-0.3197273382206036,-0.5556605088854423,1.2484045938282318,0
1.137137137137137,-0.2709870730030275,1.0303763610322338,-0.6258245296077047,0.4095335556890133,0
1.1411411411411412,0.5336236011452603,0.5279592376472761,-0.8733892371957624,0.2505076923125585,0
1.145145145145145,0.0447040716958729,-0.1033401557512119,-0.7258039565506716,-0.9711773548519648,0
1.1491491491491492,-0.1388662143536735,0.2760273201008928,-0.1029275441832327,-0.1897859215001147,0
1.1531531531531531,-0.6290028211104742,1.252651277269755,0.6919545888602369,-1.941225555268964,0
1.157157157157157,0.10062277261482,1.593875727229737,0.4510752862986403,-0.433737491551218,0
1.1611611611611612,-0.6190576065149436,0.4587607751270185,-0.0464681096054198,-0.4766944825286715,0
1.165165165165165,-1.259135662701205,-0.0311072190470899,0.7116105854252102,1.0164265563291763,0
1.1691691691691692,-0.3342992832699407,-0.7120539796726599,0.9951255982077738,1.1507517733200276,0
1.1731731731731732,-1.01232428221406,-0.1243043365792986,0.03057115002448,0.794749558458,0
1.177177177177177,-0.4038578470513058,-0.6667737143576774,-0.6154395786478699,0.3856031267408488,0
1.1811811811811812,-1.3897180198892083,0.1099313064257726,-0.18740707121491,0.0761500686087263,0
1.1851851851851851,-0.7594154170991847,-0.2240377504248316,-1.0143752740889656,-0.3348174192233393,0
1.1891891891891893,-0.8145826379020085,-0.2620348102106893,-0.4279483582272618,-1.176888280044869,0
1.1931931931931932,0.5772773303298327,-1.1430228426159892,-0.2739630126965841,-0.6619077878071307,0
1.197197197197197,0.7059167713361942,-0.2716644584933523,0.0492873649299914,0.7855530843793508,0
1.2012012012012012,0.7545630214635718,1.147089307793713,0.39444840547017,-0.8306910794275778,0
1.2052052052052051,0.908643473418408,-0.1876224622263036,1.4688200362375707,1.6032579782797851,0
1.2092092092092093,1.3641187869201248,-0.0977412698389371,0.2121198059178481,0.0716456868425113,0
1.2132132132132132,1.3158659893667233,0.6641963541993656,0.6142630146731354,0.1388600520973201,0
1.217217217217217,2.064929690630522,1.5874391996387405,0.755157633845206,-0.447960664820262,0
1.2212212212212212,1.0953986632618626,1.601802481505005,0.444860196149427,-0.7060429989582416,0
1.2252252252252251,1.520391996593751,1.4422022464416877,-0.4237381849536666,-0.7351271526122596,0
1.2292292292292293,1.285080202880535,0.8879413118792348,-0.8010507532637239,-1.395758349227302,0
1.2332332332332332,0.704706563413834,0.0626719090415089,-0.6742346980679581,-0.963184593679754,0
1.237237237237237,0.2080035954317335,-0.1544619217180513,-0.6330516508160171,-1.0111376206152418,0
1.2412412412412412,0.039572979484335,-1.1010513799405384,-0.9929581845326484,0.7415688598082064,0
1.2452452452452452,1.1254610293402505,-0.5367012585737785,-0.4665621599095939,0.9881584493422626,0
1.2492492492492493,0.4685118043544793,-2.456216732731698,0.1783670764082646,0.9223838885259222,0
1.2532532532532532,0.2745592033497434,-0.6613562551190273,0.6432726447380344,1.3396269023639993,0
1.2572572572572571,-0.6836243512958456,-0.7395843902230729,0.5732898050209512,0.4034427381613786,0
1.2612612612612613,-0.6001590219977465,0.2106206789703776,1.2743413958184813,-0.8779327969397034,0
1.2652652652652652,-0.6378769234963904,0.9339388114030284,-0.3039013697625755,-0.5180812104015207,0
1.2692692692692693,-1.24242935306561,-0.2273070489772607,0.96478347024714,-0.7949523394678685,0
1.2732732732732732,-0.7239237494905548,1.573397094348946,0.2338761888836723,-1.4362440000035366,0
1.2772772772772774,-0.9056180599010584,0.6994263012293762,0.0821801408078215,-0.2355478260289425,0
1.2812812812812813,-1.8384559126832272,0.3874872777829432,-0.8425890106248864,0.0937034310309567,0
1.2852852852852852,-0.2517948982831333,1.30947478317462,-1.0958556603677707,0.2252629558095129,0
1.289289289289289,-0.9879467279820456,0.1021277064482515,-1.0198478139497538,1.065528488078986,0
1.2932932932932932,0.3932569157586465,0.8662880967160569,-0.8142254028158449,1.2382808394800948,0
1.2972972972972974,0.7318911480381205,0.7987370806612142,-0.9704414183358177,0.8653138408035375,0
1.3013013013013013,-0.3593884827586683,0.1709244062450794,0.1302649056744892,-0.3518926333120861,0
1.3053053053053052,1.2312889723646672,0.2704406402012642,-0.047712285934934,-0.7269327685679485,0
1.309309309309309,0.3272342619302509,-1.1318442277230814,0.7914582648040134,-2.017756220828309,0
1.3133133133133132,1.2506061461188749,-1.163174694497766,1.295328807457087,-1.1749289687483722,0
1.3173173173173174,1.1161864346796884,-1.11458975449443,0.4851017172999974,-0.1246849459576188,0
1.3213213213213213,1.0881121613697058,-1.0872449481102902,0.7334714873502285,0.4984414737325876,0
1.3253253253253252,1.1544277020471605,-1.0612405674157528,0.5770556450390095,0.3674108956029976,0
1.3293293293293291,0.92281504874163,1.499624890418797,-0.9149757681294406,2.0059168174920354,0
1.3333333333333333,0.9671075030399192,0.3695762893873491,-0.3284454724522508,0.9047529483464288,0
1.3373373373373374,0.3249197438986804,0.5617275943139671,-0.8878715450327986,0.8976846753246961,0
1.3413413413413413,0.0690392941364047,0.7956177621727193,-1.1074717608167393,-0.1208944974898431,0
1.3453453453453452,0.9173593093503492,0.4764223185537943,-1.0357439809373352,-0.8065055968034772,0
1.3493493493493494,0.955524819653551,1.3578191227254748,-0.1470167538651735,-0.06603101467266,0
1.3533533533533533,0.0223216810488836,0.5941535583239466,0.271114283535769,-0.3410789110875415,0
1.3573573573573574,-0.283573836079397,0.5664187670756093,0.1810109768666242,-0.534745219675668,0
1.361361361361361,0.1635888352676634,0.8568497131868235,-0.1290787939719427,0.7950205924787472,0
1.3653653653653657,-1.656842059832117,-0.0982108981680828,0.4289237804325178,0.3802505888746978,0
1.3693693693693694,-0.6442792227594842,-0.1337954364909456,0.8777938719427987,0.4875583291110942,0
1.3733733733733733,-1.0595771293871772,-0.2148174711497149,0.3882891576540906,0.2469493301609464,0
1.3773773773773774,-1.2014956962774077,-0.834812693443087,-0.2187442940216938,0.7431008096462759,0
1.3813813813813811,-1.5423400521062065,-1.630121804971522,-1.386290064938138,0.2991250197608707,0
1.3853853853853857,-0.5937046101047211,-0.9272931914415276,-0.8418465386615044,-1.1359797743971425,0
1.3893893893893894,-1.0480203376760913,-0.4003934511901729,-0.7693200165461055,-0.429081735608549,0
1.3933933933933933,-0.0931615433645602,-0.626838705834722,-1.1946350357444158,-1.493220964923896,0
1.3973973973973974,-0.6798718601609257,-1.297475420076738,0.2193829544977811,-1.2134593157186868,0
1.4014014014014011,-0.9539037397781318,0.591486985492033,0.5080787062427556,0.4463359369127552,0
1.4054054054054057,-0.1863323459196903,0.4783991066917701,-0.2647358252611957,1.2125999647199517,0
1.4094094094094094,-0.4687195082181902,0.5191151812308186,1.1220093756729577,0.7804212944049038,0
1.4134134134134133,0.6636624181473357,0.7376688335367952,0.2195770098574125,0.7655785912035562,0
1.4174174174174174,1.203922014318887,0.8199972380290965,0.5825614865816461,0.626808241428374,0
1.4214214214214214,0.9206090948082036,1.2167073350729043,1.3457837310767395,-0.3434299852558995,0
1.4254254254254255,0.9595207830170324,0.2526685400951516,-0.7586118241729229,-0.4028129704083056,0
1.4294294294294294,1.3544833416226325,0.5256921395672391,-1.1421605873425675,-1.869628185682366,0
1.433433433433433,0.8225449713056284,-0.298151594544937,-0.1478930393939825,0.089549937189592,0
1.4374374374374377,0.3357467579855624,-0.017512261377433,-0.8820328089231648,-1.295526984213438,0
1.4414414414414414,0.0671319442107987,-1.1428126311510862,-0.6433921451870827,0.360698552034092,0
1.4454454454454455,-0.2727080920542939,-1.2172679824334798,-1.0067106256904703,1.2848787058433162,0
1.4494494494494494,-0.0480024854314558,-1.6853723695871397,-1.0440151697413598,1.2720960493547575,0
1.4534534534534531,-0.0783916256250657,-0.7574565121876047,0.6742975456587954,0.0548005813920347,0
1.4574574574574577,-1.174218577682493,-0.2305533777035917,1.105764610949794,0.3012107570672597,0
1.4614614614614614,-1.287874821401734,-0.8945802030991931,0.5306444637617019,0.33148515200827,0
1.4654654654654655,-0.6671788780416479,-0.181309300966653,1.6104465569175226,-0.7756866571119084,0
1.4694694694694694,-1.7887558905192944,0.0453151383953158,0.9681049264280002,-1.3593603691276248,0
1.4734734734734736,-0.665081292614683,1.67592557814182,-0.3775777468327768,-2.026227666618301,0
1.4774774774774777,-0.9313058639675232,0.46476206918526,0.164203445921748,-0.3709167377660754,0
1.4814814814814814,-0.4464324536527769,1.9004815159762127,-0.4524242989284858,-0.3390744514557531,0
1.4854854854854855,-1.1205883914400387,1.3870280708400131,-0.9363028801135465,0.2569050654442477,0
1.4894894894894894,-0.8817908292200446,1.1245696167582422,-1.874062817662581,0.8036737407770027,0
1.4934934934934936,0.0061444683976215,-0.5550791339418774,0.6985450200837802,0.7459687732105118,0
1.4974974974974975,-0.2073103867231348,0.8723494406711201,-0.1312124533580706,0.3828681882047224,0
1.5015015015015014,0.411255576360938,0.0472185657133221,0.9518128021662507,-0.2468390696857715,0
1.5055055055055055,-0.3979002432729657,-0.3652918303259497,-0.2195816609627306,-0.7611992049645805,0
1.5095095095095097,0.6042761801897486,-0.7763378125805844,2.0600027974328925,-0.5500987110485012,0
1.5135135135135136,0.1924757816777976,-0.7585614339110914,0.6762287738183541,-1.36727492928719,0
1.5175175175175175,0.3289311052434379,-0.8933687642857855,1.306248805684242,-0.2348176396827243,0
1.5215215215215214,0.1556562399414498,-0.6217203297964954,1.2320403119378958,0.5012507156568043,0
1.5255255255255256,0.8661999551857067,-0.2108540741644517,-0.0953384020073823,1.2913861130997917,0
1.5295295295295297,1.143478766300146,0.1172947760878705,-0.4884622146744023,0.3027456497676848,0
1.5335335335335336,0.9799115574707308,0.5662643862993604,-0.2929172257193281,0.1179028571798394,0
1.5375375375375375,1.7506412984144926,0.0798201611946092,-0.6133264590450345,0.2227807434884134,0
1.5415415415415414,0.2299159558369243,0.3084662823123923,-1.0000073547676176,-0.5649010066242418,0
1.5455455455455456,0.4237286106552868,1.1701438429395998,-0.2354299521361819,-1.0587001622023464,0
1.5495495495495497,-0.1032741049230476,1.6863362335211212,-1.0666115834364602,-0.9280694225814566,0
1.5535535535535536,-0.6640097660210642,0.3992457885977274,0.1812705245629435,-1.1509378130930494,0
1.5575575575575575,-0.1130176301994045,1.629540424957093,1.02984429694224,-0.2960788190243786,0
1.5615615615615617,-0.287793106902638,0.9641211058317044,1.415309134094488,0.2692828200224895,0
1.5655655655655656,-0.5265795482849436,0.3138875577492014,1.3893523402788457,0.3352286126619688,0
1.5695695695695695,-1.765151515558329,0.4584816685618734,0.3543229836864536,1.1532223516800602,0
1.5735735735735736,-0.0123437714531846,-1.0413387918209056,0.6009060408360857,0.4995521616078899,0
1.5775775775775776,-0.9321223828914422,-0.3963091903495985,-0.8013530691123771,1.1469656465064808,0
1.5815815815815817,-0.88923857114691,-0.7581598932693016,-0.5161003568511815,-0.2917316533374381,0
1.5855855855855856,-0.6502694942280718,-0.8267540782826586,-0.7398188859302193,-0.3803795850610939,0
1.5895895895895895,-1.0953976373187353,-0.803627614429336,-0.2122270740998918,-1.6601330468760769,0
1.5935935935935936,-0.1875935465005765,-0.1889281306031722,-1.123362953455331,-0.662101370553219,0
1.5975975975975976,0.2879083388811571,-0.9558830359738324,-1.5500096118429858,-0.7267701647550392,0
1.6016016016016017,0.3278996253943941,0.1200271678505731,0.925924992930399,0.9833683313750952,1
1.6056056056056056,0.2801376260679501,-0.0527010128852429,0.781297054298321,0.6489705196979205,1
1.6096096096096095,0.1487117630357977,0.3915178463894542,0.5252899713227455,0.4808617353585274,1
1.6136136136136137,1.1330587990749834,1.5845196285379186,0.3371490778935939,1.2457650063023726,1
1.6176176176176176,1.4855639896261412,1.4287147675480134,1.0971709491974373,0.0572612197769294,1
1.6216216216216215,1.0796736983075377,0.4578484119212175,0.4172295205854073,-0.5611703449555191,1
1.6256256256256256,1.50291806324811,0.147168944441044,-0.3190203421842698,-0.6334174638507533,1
1.6296296296296295,1.993601656345251,0.0043961698859361,-0.6341712332780123,-1.772287729140991,1
1.6336336336336337,0.9996735713003766,0.2596954489103008,-1.2606220963787775,-1.4265389615306487,1
1.6376376376376376,1.125946276005829,-0.6437320258069977,-1.1325391548762138,0.0448244009655904,1
1.6416416416416415,1.2937633239152966,-0.9739937498107228,-0.7637993392224808,0.1461810738406643,1
1.6456456456456456,0.5589893264651082,-0.6866872361293743,-0.4284747033108768,1.0311195495583392,1
1.6496496496496496,0.3623618334455551,-1.1311912833869129,-0.4496704339079164,1.3917318646720795,1
1.6536536536536537,-0.092855193318135,-0.7042947461283682,0.4041739794360026,0.9379980136467934,1
1.6576576576576576,-0.7586663723201177,-0.3688180572549587,0.9291183735568584,0.0686623829528569,1
1.6616616616616615,-0.0357216598007731,-1.118646294793463,1.0319177548338154,-0.8310910137684859,1
1.6656656656656657,0.0301329207568907,0.3630497695058358,0.9634943404539724,-0.8536482574771237,1
1.6696696696696696,-0.9422457826393436,0.0432763256794313,0.2877435547909472,-0.9031380594838744,1
1.6736736736736737,-1.9108982459582349,1.5634699201820654,0.2671941228833697,-1.25448408340459,1
1.6776776776776776,-1.2070749839618604,0.808090798893489,0.0067897127567283,-0.1847695654823611,1
1.6816816816816818,-1.290461893357817,0.1100836941866238,-0.8329243457072572,-0.6038356318092506,1
1.6856856856856857,-0.4546995184603715,0.7970485337861206,-0.6564537518770905,0.90455166122547,1
1.6896896896896896,-1.255576693464211,0.4241728355247435,-0.2291482350713517,1.9083242096679596,1
1.6936936936936935,-0.6170566644604615,1.3371278126048531,-0.6818380035458681,0.72969078665468,1
1.6976976976976976,-0.0042488554430353,0.8304268574335757,-0.6324352833874469,0.7624500851162566,1
1.7017017017017018,-0.3904361436610644,-0.5981556169844295,-0.6341616500561693,-1.200103059246176,1
1.7057057057057057,0.4321503304138846,-0.8462458652630038,0.2567600846284459,-1.4325130958974168,1
1.7097097097097096,1.3107476054440577,-0.724551393351191,0.6683708712506344,-0.4619585653789407,1
1.7137137137137135,0.9955312019836944,-1.0076623299370049,0.4406659212325593,-0.4002643575429681,1
1.7177177177177176,0.2508084018390752,-1.3696488221084475,-0.2649250728957071,-0.927075411313944,1
1.7217217217217218,1.062187312049512,-0.0198855860747569,0.3943745359907604,0.3542733878054505,1
1.7257257257257257,0.970698063797914,-0.8149060524331458,-1.6952303174659331,1.1059894335075495,1
1.7297297297297298,0.6419618788328783,-0.3753916812158954,-0.3229628175042782,0.9019746553679094,1
1.7337337337337335,0.7396753606982899,0.7626869369796225,-1.5443002446640963,0.809513436776739,1
1.7377377377377377,0.3736062707357533,0.5167749421955288,-0.4857302180624108,1.7281100260983693,1
1.7417417417417418,0.2808952625036157,0.8800959716837824,-0.7351295609986963,-0.2717163363311272,1
1.7457457457457457,0.8980945726629324,0.4296953910227472,-0.020650325195115,-1.0990155439629548,1
1.7497497497497498,-0.1754598397371525,1.1364553387781666,-0.5272748315053353,-1.026078878074609,1
1.7537537537537538,0.2807607186617908,0.8877708358728124,-0.1646117842492426,-0.9380628707631946,1
1.7577577577577577,-0.0331758839045878,0.6129349353997038,0.7588941698585643,0.4671000401183293,1
1.7617617617617618,-0.4257860787674896,1.3324345429598483,1.0393661186024918,0.1484816968813924,1
1.7657657657657655,-1.153957865566786,0.2026525844697867,0.4072871572485678,1.23896892574076,1
1.76976976976977,-0.9636733356513508,-0.1013689551691953,0.3998986803513394,0.5043683331090802,1
1.7737737737737738,-0.4292087862619455,0.4419407111039581,0.4088090995870324,0.8362663460736575,1
1.7777777777777777,-0.5147827395569633,-1.6132699279071443,0.3164607783354158,0.2808971326900751,1
1.7817817817817818,-1.064756110467076,-0.8560414523528452,-0.4053453391309806,0.6421107491806747,1
1.7857857857857855,-0.5934649234212289,-0.7659000818608881,-0.8667761665038636,-0.910847678771027,1
1.78978978978979,-0.4352547045486683,-0.1424324996783124,-0.7558822425160545,-1.090426417956072,1
1.7937937937937938,-0.7328935759868132,-0.5113344087741251,-0.902751286651858,-1.0706142327885917,1
1.7977977977977977,-0.9721413551413336,-0.365348619388987,-1.2139909312036274,-0.572353904093872,1
1.8018018018018016,0.6987678092104277,-0.1966708575093438,-0.4175796518793164,-0.6045926500941462,1
1.8058058058058055,0.3142382724978784,0.7077844038127422,1.5048966179889691,0.4380593307189475,1
1.8098098098098097,0.960373632603852,0.755668003283027,0.8774101838783296,1.413845966201641,1
1.8138138138138136,1.2205503428480102,0.3122256053420762,1.5642220916420904,2.077015446751532,1
1.8178178178178177,0.6486635496952187,0.5887718959856048,1.1601199213328766,0.771358038067258,1
1.8218218218218216,1.7289657719433449,-0.4360123850356728,1.4236459151836889,0.1022427189075358,1
1.8258258258258255,0.8705017963109927,0.9148107438180978,-0.0061734856534301,-1.4009902313603897,1
1.82982982982983,0.4219034695781387,-0.2360456536922314,-0.9591521437011238,-0.0596169267527215,1
1.8338338338338336,0.8959971176674755,-0.1273489319456369,-1.4881153717917337,-0.2585018650258384,1
1.8378378378378375,1.197552813751189,-0.4811402871740635,-0.6934402557113154,-0.7705057945049764,1
1.8418418418418416,-0.0492598934256293,-0.3824282446637694,-0.5486133091620125,0.9075373554798682,1
1.8458458458458455,0.3432379108229967,-1.4329531916664444,-0.1287282180418308,0.4451708201422737,1
1.84984984984985,0.357694216126502,-0.5657803211319611,-0.1329375600912919,0.7177448381959819,1
1.8538538538538536,0.3790031718436636,-1.385952842925699,0.0807872642106882,0.068391528256166,1
1.8578578578578575,-0.0898281064613366,-0.8933077894404932,1.2529859414138678,-0.3351080243781262,1
1.8618618618618616,-0.9748069728299892,-0.6967471907803768,-0.0086565870831863,0.0106839296481336,1
1.8658658658658656,-0.7221884893422974,-0.5477187128295856,1.846825100439057,-0.7882247859599067,1
1.86986986986987,-0.744770575609814,-0.4437757372737535,0.5196179029531106,-1.4057884251636192,1
1.8738738738738736,-0.764254523116532,1.5775321728101408,0.5826532444438774,0.3045547138342657,1
1.877877877877878,-0.8858808182644765,1.24057159657503,-0.5973453398410459,-0.0954808223147074,1
1.8818818818818817,-1.0131065154012109,0.6893853264631494,-0.6193129670863251,-0.2149692743789377,1
1.8858858858858856,-0.3610964845226519,1.705472629748845,-0.7475408717842443,0.607098648266805,1
1.88988988988989,-1.2331083399823348,-0.0827598163118179,-1.3030083535607586,0.6918936420604358,1
1.8938938938938936,-0.0497311144911616,0.1237701301869589,-0.8775185449982087,0.4979145200063825,1
1.897897897897898,0.4480408929055134,-0.3533043761162651,0.0623830880692882,0.6194382764749335,1
1.901901901901902,-0.8712975564592741,-0.7863158685229378,0.3114338063771372,-0.4233197391218767,1
1.9059059059059056,0.5216180155250877,-0.1224846778163043,0.5353370845489784,-1.1068408258491975,1
1.90990990990991,0.93166125259175,-0.5846307064808199,0.7625544652173278,-1.305970102002107,1
1.9139139139139136,1.3697468071051513,-0.6987594701448496,0.5134398030265365,-1.407147770375711,1
1.917917917917918,0.855372588345164,-1.5359872631642837,1.020182706571476,0.0066597716966034,1
1.921921921921922,0.7368861244821396,-1.7418851526804628,0.1825261523396104,-0.3752568368000785,1
1.9259259259259256,1.4150912088337328,-1.6570551787296235,0.5176071803207457,0.8971743878822473,1
1.92992992992993,0.8735904258582272,-0.5937343935405954,-0.0029792576742582,1.2963147252636695,1
1.9339339339339336,1.0845534680932345,0.0587602240981398,-1.3807149928715174,0.1804559657026462,1
1.937937937937938,0.6642784953652656,0.2783524119393586,-0.6789763007024316,0.997928809947808,1
1.941941941941942,0.0229865379614623,0.2475888330171528,-0.0150652426515253,-0.7246571242625645,1
1.9459459459459456,0.5356114917320599,0.3582119395147262,-0.9018446041411564,-0.8108930122709203,1
1.94994994994995,-0.5093405601611788,1.7509713049287623,-0.6483431874577685,-0.9519425329163024,1
1.9539539539539537,-0.1687504650862722,0.6202744473339582,0.1379887542613093,-1.8924333003512628,1
1.957957957957958,0.1572851774499643,1.06642049720376,1.0019292661161674,0.0413618188600055,1
1.961961961961962,-0.3667573892938296,0.4453706707370691,0.783182152750942,0.0175901277343665,1
1.9659659659659656,-1.0273835007328551,0.0514851538606471,0.5557838101785993,0.8245544728576696,1
1.96996996996997,-0.18558242993765,-0.5555127437618433,0.6407145197623585,0.8698310714392998,1
1.973973973973974,-0.5510447239714913,-0.5009269454653265,0.2936989903571724,0.5823747978475952,1
1.977977977977978,-1.0249176685594743,-2.338885942592241,-0.742482209200663,0.7551355868114806,1
1.981981981981982,-0.7544822442391826,-1.988391824609717,-0.6688484182270378,-0.5285971512225917,1
1.985985985985986,-0.9436200730102025,-0.5603480732738636,-0.9003666146770171,-1.811495515831102,1
1.98998998998999,-0.647953509369569,0.0599811980206771,-1.3555831627014816,-0.7974007414573095,1
1.993993993993994,-0.3237490785447817,-0.1543954865019001,-0.8107174724277744,-1.0986331092128134,1
1.997997997997998,0.2934018451638166,-1.1960261817074047,0.3076474946125959,-1.3819018573375754,1
2.002002002002002,0.5193004672378362,0.2640264366868835,1.3948541322407038,0.5145600361280409,1
2.006006006006006,0.6345611880938276,0.6586176603062294,0.8480567402200763,0.933822417482061,1
2.01001001001001,0.6131216248135403,-0.1928534968884776,0.6146149503511734,0.6964284008847373,1
2.014014014014014,0.8568201775767645,1.7718248921415285,0.7751476817716438,1.1490838932577656,1
2.018018018018018,0.5358656976496391,0.5871843096976782,1.0509434184039173,-0.0662360601431041,1
2.022022022022022,0.6920671035628554,0.8503349182096933,0.1305310698428806,-0.7544219813098684,1
2.026026026026026,0.4419931292018922,0.8830152101283546,-0.7529174595620597,-1.157475457427439,1
2.03003003003003,1.993300564263668,-0.0817562579739903,-1.4361072318258157,-0.3877744846771325,1
2.034034034034034,0.7112188448207456,-0.9422457373859118,-0.9325682485444016,-0.916338464278352,1
2.038038038038038,0.3038646588432129,-0.7870051465454138,-1.2729587337198662,-0.2158429727726544,1
2.042042042042042,-0.0236690744200146,-1.5858725169742207,-1.2674961645135077,0.6198987445422626,1
2.046046046046046,0.2916268145933874,-0.8204685390145489,-0.4952352584368014,0.325428639740279,1
2.05005005005005,-0.0137602288106341,-0.4046688762020327,-0.7602976466111171,1.2391659791420602,1
2.054054054054054,-0.009625152212089,-0.9140633870677558,-0.0077047455405016,0.473357795291034,1
2.058058058058058,-0.8273044696006122,-0.8546752788183205,1.2175441456056546,1.3709849940978,1
2.062062062062062,-0.2057084626029779,0.1337043391229055,0.0558490262970772,0.4203690237913924,1
2.066066066066066,-0.7186174604072129,0.3735750643109768,0.6224752609296749,-0.9196206653748396,1
2.07007007007007,-1.4545562788956423,0.7463796125491997,0.8833345967061912,-0.571568961902742,1
2.074074074074074,-0.9633126199948404,0.4011272079512255,0.1069204426808496,-1.5263682884605836,1
2.078078078078078,-1.0527473327991093,2.081191686765575,-0.3879071018463066,0.7799195845629807,1
2.0820820820820822,-0.6470926307854344,1.1988754100652694,-0.4904627250851308,0.3615636794368891,1
2.086086086086086,-0.7363763225800515,0.9218582029365552,-1.3080305837781023,0.5233625217626977,1
2.09009009009009,-0.294304474585782,0.6445870014590814,-1.817029942803492,1.8338815858343,1
2.094094094094094,0.0668739343794744,0.7135079738224237,-0.500652336886602,1.1179986810857818,1
2.098098098098098,-0.2832181085317669,0.1237025475280293,0.2793988514873285,0.9845291434137846,1
2.1021021021021022,0.4266155559849279,0.0218519205274793,0.8888315216206646,-1.220623390667111,1
2.106106106106106,0.5668135570752413,-0.9580581629369076,0.6034523363349156,-0.7451389864569986,1
2.11011011011011,0.862049467366325,-0.6996009081678898,0.8203475747974021,-1.1237453067165686,1
2.114114114114114,1.0148057528911865,-1.1684071607012376,0.510501152569911,-1.1491091835611928,1
2.118118118118118,0.5784216958365784,-0.8314299237493062,1.4353194549341644,-0.0698173637535561,1
2.1221221221221223,0.5633582464256253,-0.1004596961017157,0.6994829711095594,-0.0567568706232712,1
2.126126126126126,1.6711935202880908,-0.3861537738457448,-0.0327375018388739,0.5403700742568436,1
2.13013013013013,1.0928877736953968,0.55637463510127,0.4730350338803341,-0.0630052454704497,1
2.134134134134134,1.137511201418615,0.2465980845742053,-0.5514186318824215,0.4549652577896832,1
2.138138138138138,0.9322938588415228,0.0165219093037531,-1.310790897144747,0.3144482109713741,1
2.1421421421421423,0.5325319269699715,1.364211129021283,-1.2207060379024406,-0.1933473394342816,1
2.146146146146146,0.6438651268991372,0.4540094598013908,-0.933614932885706,-0.5022966300796446,1
2.15015015015015,-0.1143416500166461,0.42677835677,1.1619945518850654,-1.41277268933008,1
2.154154154154154,0.0240918258560589,1.640926048454085,1.0719335275777229,-0.3386419047748503,1
2.158158158158158,-0.5706656686879112,1.079640786534694,0.558382476476013,0.0893206463365913,1
2.1621621621621623,-1.113936722368888,0.4082791426364689,0.9373482439241472,0.3093950762846535,1
2.166166166166166,-1.2971767948281934,-0.6865922224666166,0.9342774970433176,1.3408056309791108,1
2.17017017017017,-1.8347331521017096,-0.3999615930371725,0.3073687053997526,1.4862971615015763,1
2.174174174174174,-0.7434186526808853,-0.6367643519618348,0.1090867230770214,1.3426261573401252,1
2.178178178178178,-1.239531154093669,-1.5269982555122,-0.6904752528612882,0.3689387241696825,1
2.1821821821821823,-0.9249672895391434,-0.143634361905426,-1.705785892141474,-0.3060394814303375,1
2.186186186186186,-1.127124218827973,-1.3703889243652896,-0.8892618032516064,-0.7173404382085546,1
2.19019019019019,-0.2663624842565943,-0.806457823863207,-0.8264227854875089,-0.1333471434820512,1
2.194194194194194,-0.0248724445838176,-0.3718016111237667,-1.598241122584258,-0.9308454841793272,1
2.1981981981981984,-0.310999756111965,-0.1524657411842302,-0.1750994007155558,-0.2552078218845017,1
2.2022022022022023,0.1490183592259277,0.3801948677020976,0.2448231985810068,0.0150398448676258,0
2.206206206206206,-0.0302424519777656,0.6003238061246965,0.9252484534058216,0.4888956027818569,0
2.21021021021021,1.079958076630949,0.53318669024245,0.8957584997404818,0.9160667609712008,0
2.214214214214214,0.4143421294933685,0.6177356412835322,1.950961895973078,-0.0646009824751494,0
2.2182182182182184,0.6843426952404629,1.2428390618824974,1.3088847314665624,0.1028098367122211,0
2.2222222222222223,0.9528783579860356,0.5699820588725819,0.5463461309028657,-0.3713557923088721,0
2.2262262262262262,0.2783874742642973,0.5164666564503416,-0.4158655274600727,-0.7530632566613832,0
2.23023023023023,1.3585745556925366,0.1466640580386295,-0.3807176049310306,-0.2377690441443083,0
2.234234234234234,0.760647921303072,-0.1558823925208009,-1.3227133738617836,-0.4852577366416801,0
2.2382382382382384,1.2870361930851115,-0.8058167688945806,-1.5308969424091303,-0.0131581725356731,0
2.2422422422422423,0.8136159167670546,-0.6984363919006652,-0.6637055802346858,0.9821843997328435,0
2.2462462462462462,-0.0954499579154903,-0.8564743895369122,-0.5792115665150418,1.2496844831802736,0
2.25025025025025,0.7567767801541803,-0.4051173461969355,0.3154927307528189,0.8827343034799693,0
2.254254254254254,0.2029166671437139,-0.8307777998938156,1.2653833031257138,0.26943002634314,0
2.2582582582582584,-0.3796085874972154,-0.8265779954912593,1.3803995579723272,0.0952497710874749,0
2.2622622622622623,-0.6745655073109331,-0.0117816540633754,1.1799549677510144,0.0170579711579336,0
2.2662662662662663,-0.3445214043093265,-0.7773136922055464,0.3948871203144358,-1.4055551176362957,0
2.27027027027027,-1.0228611825631893,0.2333429553084761,0.5904503773888048,-1.141691695970218,0
2.274274274274274,-0.9976697740604956,-0.2192070118116696,-0.6341757992966581,-1.0204759782139716,0
2.2782782782782784,-2.0555360602899877,1.0108192657539323,-0.7183542983844254,-0.8637225567229323,0
2.2822822822822824,-0.6065140445353001,0.9812047150182196,-0.9398676400536234,-0.547326124509703,0
2.2862862862862863,-1.345940604992984,0.6657883922007286,-1.420127171520267,0.706653572324294,0
2.29029029029029,-0.90795807047416,0.9122539552748068,-1.635235236185533,-0.0680296837540648,0
2.294294294294294,0.7600912859514364,1.3959969212065595,0.5852082418059146,1.224874238642705,0
2.2982982982982985,-0.0190586429114621,-0.9559547737278892,-0.8481666213260834,0.1590936206159759,0
2.3023023023023024,0.0780448291921551,-0.6174106353335751,0.1567268189378406,-0.3172924457171296,0
2.3063063063063063,-0.0614983660034668,-0.1362237226807078,0.3973274088451268,-1.53254576327959,0
2.31031031031031,0.3958893127906499,0.4458174398785232,1.147294117351377,-1.1783260727275813,0
2.314314314314314,0.924066328523265,-1.911567135348489,0.4155448040382111,-0.687741792967185,0
2.3183183183183185,1.2303103780253777,-0.4938260632047308,0.5773023851211522,-0.8441105739529962,0
2.3223223223223224,0.7300523428617582,-0.9146827212293656,0.8716829425935569,0.0153470679391743,0
2.3263263263263263,0.355148095706433,-0.8538018806670131,-0.5534913588479087,-0.0817650535368578,0
2.33033033033033,1.0721681819829336,-0.3731310467292037,-0.2148675901986021,1.5575395072982945,0
2.334334334334334,0.7198847137089757,0.1355306680550147,-0.5113451702686349,1.0780040652190923,0
2.3383383383383385,0.7487794917732163,-0.425573444257341,-0.9229210012943978,0.6395159317062571,0
2.3423423423423424,0.2584915965162792,1.1688084813830142,-1.400096104132638,-0.6543832923867647,0
2.3463463463463463,0.0417717787567349,1.9488988222404309,0.0164989314128053,-1.369121832759451,0
2.3503503503503502,-0.4014147254216202,0.5043387048559096,0.5885618351974471,-0.6246758500727853,0
2.354354354354354,-0.0378091380244938,1.070743187904315,0.3508243735707143,-0.7802125844303727,0
2.3583583583583585,-1.3869296764515493,0.637206566143986,0.2050149714030622,-0.1119185896338804,0
2.3623623623623624,-0.2995122650751639,1.0217757993900003,1.0098364322900668,0.3412978367031507,0
2.3663663663663663,-1.3762328864411135,0.0240067192327771,1.1741586524289114,1.268085579979734,0
2.3703703703703702,-1.3772291730831725,-0.2997691891010479,0.1879582191252755,0.6686631083042143,0
2.374374374374374,-0.5901816173053969,0.0232819195509711,0.1270295459009104,-0.183321178655108,0
2.3783783783783785,-1.2299720725757195,-1.0896273092380355,-0.5595515864842414,0.7114747496850647,0
2.3823823823823824,-0.5985553517260949,-0.8941300913533947,-1.545137060524994,-0.2855743087821235,0
2.3863863863863863,0.039606307146482,-1.7235539485338145,-1.2226967785190874,-1.17411567726562,0
2.3903903903903903,-0.6615334613649231,-0.7991897481143286,-0.3909605732171779,-1.15385347861943,0
2.394394394394394,-0.1808652527176349,0.3592439570782936,-0.8496670693450612,-0.7567571795872065,0
2.3983983983983985,-0.43796769550148,-0.0206709109017042,-0.6703416441335247,-0.6743345647190058,0
2.4024024024024024,-0.2941836257912601,-0.1657591545024634,0.5078661246905725,0.2222702128894054,0
2.4064064064064064,-0.4568692000673396,-0.2037270243096987,0.3487028676968401,0.6540159008175573,0
2.4104104104104103,-0.277211664354194,0.1642113163220112,1.3409524017466818,1.3948943936630511,0
2.414414414414414,0.6460256920660727,1.2684306013458786,1.4264115387814018,0.9166193745022784,0
2.4184184184184185,0.7613526196635132,0.2519938040767018,1.244407929511545,-0.3948997918626356,0
2.4224224224224224,1.5556248832876405,1.3909134768810467,0.3867347358335055,0.1719953509622985,0
2.4264264264264264,0.5956952438359276,0.6407172799237384,-0.3556293976584235,-0.914790633255629,0
2.4304304304304303,0.8329221444007414,-0.1032597043794569,0.2517253281645599,-0.8555828477702065,0
2.434434434434434,0.8816289567342972,-0.2189790579533956,-1.37261658399509,-0.9056827732644452,0
2.4384384384384385,0.2202536986749643,-1.0921203166544973,-1.124228101103232,-0.1556878089938108,0
2.4424424424424425,0.420692184846697,0.5019698573923859,-1.09055358558354,0.7287752885495524,0
2.4464464464464464,0.5452741004610303,-1.1133836240284078,-0.8490655544177175,0.7867352645487352,0
2.4504504504504503,-0.2430006491595325,-0.8329941494334415,0.687578689968058,1.505998946862361,0
2.454454454454454,-0.4874037041834838,-0.9039095369833128,1.0249959267767277,0.7855081709695232,0
2.4584584584584586,-0.2517690970295067,-1.3035424035552934,2.056434587092633,0.4610969728354576,0
2.4624624624624625,-0.7791478597620967,0.1508693086475344,0.4252009355620777,-0.3357361516216405,0
2.4664664664664664,-1.3650745743846344,-0.8143670922097072,1.8399339022912715,-0.6460608582586392,0
2.4704704704704703,-1.285132726718067,0.2880940031173316,1.3703289510155297,-0.2348022066989402,0
2.4744744744744747,-0.8039610580812542,1.2267938840055557,0.046278418349888,-0.4058267694944642,0
2.4784784784784786,-0.9914399596840492,1.7449534239138098,-0.520104767528617,-0.2043156984149054,0
2.4824824824824825,-0.0121820002346387,1.697236181590999,-0.4051014570577445,0.0895844598441676,0
2.4864864864864864,-0.3448944343063155,1.6468298115195703,-0.9464635387722212,0.7563311544808625,0
2.4904904904904903,-0.3367399830566296,0.9726742753993888,-0.7629573545091355,1.6469380714454354,0
2.4944944944944947,-0.5753139948626498,0.1609575762772636,0.2350225986545735,1.4845636131045157,0
2.4984984984984986,0.1504614217941181,-0.0222671577652467,0.0090058395523021,-0.8659932117893319,0
2.5025025025025025,-0.1385355717025851,-0.0448037245685523,-0.5694150780973671,-0.1748362000257841,0
2.5065065065065064,0.0390211965526774,0.6756324855740745,0.8042214365330492,-0.6895933328077466,0
2.5105105105105103,1.035556637709949,-0.6813460138004661,0.7761722279307863,-0.9245565654643044,0
2.5145145145145147,1.6882463609282443,-0.8388509319808266,0.9114970278011792,-1.028077044090106,0
2.5185185185185186,1.2782369589300075,-1.0957031529024102,0.3873826953647862,0.5811774254885683,0
2.5225225225225225,1.194251936779961,-1.3242906655398985,0.3972498466081002,0.6019269515817253,0
2.5265265265265264,0.8353811641159359,-0.2672942946375439,-0.1669548722627275,1.5490918514114336,0
2.5305305305305303,1.2544472760906065,-0.5826407618177282,0.0371730348526453,0.0918034534914504,0
2.5345345345345347,-0.6416044589389049,0.1128688955215149,-0.0289881679096687,0.5260951377028492,0
2.5385385385385386,0.8001820118346472,0.116041360771822,-1.7580221858194336,0.7235738495085708,0
2.5425425425425425,0.1675919885277558,0.3188104974639694,-0.6900856919749075,-0.0495575386629509,0
2.5465465465465464,0.0894976244496296,1.5059681589063372,-0.5669106898959432,-0.8733650656405227,0
2.5505505505505504,-0.5412132281035288,1.4610990358180076,0.1739351115916405,-1.9587766830516489,0
2.5545545545545547,0.0926212925605514,2.003017395415371,0.6656217569782955,-1.5335875512723771,0
2.558558558558558,-1.2921064315463655,1.117377054072302,0.4545915277346547,-0.4756762988966522,0
2.5625625625625625,-0.6372866835003993,0.3103146547334577,0.7911708309456765,0.1580854537642807,0
2.5665665665665665,-1.5212010578136326,-0.0059803127569047,2.0308547622355237,0.983770185712248,0
2.5705705705705704,-0.8285035202597313,-0.4641648164182989,0.1096651769677417,1.9025482031800864,0
2.5745745745745747,-0.4169001982012075,-0.8856913428909464,0.3287087081071689,-0.3211785711039938,0
2.578578578578578,-1.059804045633946,-0.6938002110977357,-0.7772811432459565,-0.6764390092037039,0
2.5825825825825826,-1.0909347212607068,-0.8836384000771611,-1.581261556603215,-1.0380989732554695,0
2.5865865865865865,-0.4798591411691876,-0.9178530072513624,-0.296940359921669,-0.9215137400680776,0
2.5905905905905904,-0.6791181111440346,-0.4797059658037972,-0.7205033595557412,-1.105624416271165,0
2.5945945945945947,-0.322045969669418,-0.9174499311093818,-1.6012897865119364,-0.602742726839103,0
2.5985985985985987,-0.3297034480883283,0.9491311112104572,0.0544217870992709,-0.7307227226806982,0
2.6026026026026026,0.3151214437684737,-0.3788355212436262,0.4934697524986306,1.6510532554208974,0
2.6066066066066065,-0.3002472423717848,0.7498190482049053,0.573219150585933,0.6132994350208313,0
2.6106106106106104,0.7905643831764404,1.046999153483621,0.3642619476394148,0.8608583976510354,0
2.6146146146146148,0.8802371800746742,0.3057869863602434,0.9366409135652748,1.7515717750812203,0
2.6186186186186187,1.0680774365068952,1.003947995794922,0.3622559639364754,0.3857946444080289,0
2.6226226226226226,1.0850167119618706,1.3669739045606093,-0.2219675378681352,-0.8550636054968045,0
2.6266266266266265,0.9732816358098898,1.1545941282776575,-0.2036259648111184,-0.5476625690730028,0
2.6306306306306304,1.5238250538023763,0.6687332332277678,-0.8211492831679079,-1.2754121595727157,0
2.6346346346346348,1.0900949508954438,-0.1429149601237865,-0.396225925275826,-0.1506423245095086,0
2.6386386386386387,0.1989318516828052,-0.8553386166821981,-0.5482666863855554,-0.6909157551250054,0
2.6426426426426426,0.9987201157435368,-1.34205108190851,-1.303959646094639,0.8424008921097167,0
2.6466466466466465,1.5134054101593808,-0.3912443253168228,-0.1002662401341706,1.0438035081974313,0
2.6506506506506504,0.2414198187839235,-1.318906042997264,0.0365495444432361,0.193702513935343,0
2.6546546546546548,0.2573551476183183,-1.162478283099553,0.4269042945731631,0.6337731458350482,0
2.6586586586586587,-0.0731611473196082,-0.0840871707479316,0.5263160814335925,-0.2746328261864684,0
2.6626626626626626,-1.5444593886275797,-1.6276405365357682,0.7658426756470931,-0.2296412801643757,0
2.6666666666666665,-1.2331771124294144,-0.2751382566015663,-0.5164192524191978,-0.0200791860827231,0
2.6706706706706704,-1.3106699244463655,0.0429523528968038,0.7844433631044747,-1.269615460561418,0
2.674674674674675,-1.202206831642957,0.1432851850419897,0.6681376791586826,-1.2702346696607485,0
2.6786786786786787,-0.9208154189128944,1.1034146625973758,-0.6847728301522894,-1.1174452363202143,0
2.6826826826826826,-1.169124641301551,1.8922126046006564,-0.8307923673966755,1.777664865773087,0
2.6866866866866865,-0.3988611945805029,0.7835837241515508,-1.2664830608371984,0.8451856775830539,0
2.6906906906906904,-0.7307392021961834,0.8820724218454292,-0.936660891614907,0.4474125772436349,0
2.694694694694695,-0.413070814177888,0.3082723554863569,-0.3416465333991735,0.7996207715872371,0
2.6986986986986987,-0.0409301408050531,-0.036060405622212,-0.1413900621978137,-0.0516793882200473,0
2.702702702702702,0.4056332677840961,-0.8039987799855166,0.6618328553096352,-0.9025961298681202,0
2.7067067067067065,0.0347043151785555,-0.8051619816925741,0.2415176722731424,-1.2910985184545298,0
2.710710710710711,1.578211330187289,-1.2799831074094157,0.7381261663840518,-0.3572559456585732,0
2.714714714714715,1.06827687136085,-0.881526539769983,1.3865997648094766,-0.7838367417854898,0
2.7187187187187187,0.3176280689398543,-0.6837885869509891,1.0793290229454198,0.3788885204921148,0
2.722722722722722,1.0818770997655531,-0.8445146533196285,-0.0895754557789864,0.6376835718477729,0
2.7267267267267266,1.9565330168276187,-1.2238779640096666,-0.2555332100259857,0.8193359635395026,0
2.730730730730731,1.4077220373368091,0.0969851440618797,-0.1693696118165457,0.3602889635987063,0
2.734734734734735,0.3237244801488863,0.6540368865326237,-0.1720729394114498,0.6135521512887655,0
2.7387387387387387,0.3428531959983195,1.0032507338630388,-1.1601581600627149,0.0789142744964495,0
2.7427427427427427,-0.8286299711007562,0.901878269316441,0.124602163679915,-0.1876369797149913,0
2.7467467467467466,-0.1568958563248478,0.9154370828004694,-0.6768729877517266,-1.3053843029790708,0
2.750750750750751,0.725391343447012,1.099196716385444,0.3741839566216822,-1.6811258198968149,0
2.754754754754755,-0.9835649425704848,0.9381414227724943,0.1343316420518591,0.1604732186545608,0
2.7587587587587588,0.2205335953256216,1.5839033220685002,0.8143341745271478,-0.518704359660474,0
2.7627627627627627,-0.0671777692484925,-0.0529728467226514,1.5436211912712623,0.7808132015892092,0
2.7667667667667666,-0.7716795295322358,0.6788626821742124,0.2884343827738174,0.6069866887642348,0
2.770770770770771,-0.7492269529925908,-1.4559196676868442,-0.0282054984395212,0.7169808241161797,0
2.774774774774775,-0.3742217630563474,-0.8390419224817147,-0.1425636748290076,0.0905368890171968,0
2.7787787787787788,-2.069058757069436,-0.4935635443955689,-0.2903873242033166,0.4107739440199983,0
2.7827827827827827,-1.127808768862363,-1.0269954114422175,-0.7571463412410508,-0.7628370452937956,0
2.7867867867867866,-0.5560515615258451,-1.6482677280831315,-0.8977006778798798,-0.1603258354293759,0
2.790790790790791,-0.9521869085517852,-1.075812310969321,-0.2290129554537466,-1.4621439640084648,0
2.794794794794795,-0.7180918947710536,-0.7945499956420412,-0.4965982249187392,-1.750626201956944,0
2.798798798798799,-0.1077657458876822,0.2656996519532817,0.2710142824438086,-0.4921316030637888,0
2.8028028028028027,0.0376478141875854,0.1328957461899797,0.0809472156136372,0.6392963677336987,1
2.8068068068068066,0.5298327451359455,0.911886139392905,0.6119940233977419,1.0793733041153917,1
2.810810810810811,1.139662587468496,0.5238066987127703,1.316509169288194,1.3670150654245248,1
2.814814814814815,0.9787982745163916,0.7734607202489381,1.262552105756566,-0.818686439410491,1
2.818818818818819,0.7192728734900653,1.5397673150207811,0.1757904832002245,-0.0739211027958873,1
2.8228228228228227,0.6710634747201423,0.162356045984134,-0.0496476593166789,-0.3318482342891448,1
2.8268268268268266,0.9255535702547828,0.5493518948936471,-0.2462587236934532,-0.4168515920259902,1
2.830830830830831,0.960302682187038,0.5772886531141412,-0.8681003868059374,-1.3634704994394469,1
2.834834834834835,0.7880351188887401,0.4188491025043296,-1.6690936649689072,-0.1401287018016882,1
2.838838838838839,0.9695466231677468,0.0439866490960353,-1.2884221471724346,0.3408143919106773,1
2.8428428428428427,-0.3212524002516839,-0.1356105323442583,-0.3742239971014757,1.1125658866343742,1
2.846846846846846,-0.4169483273149413,-1.2614504092406742,-0.343597388021395,0.952865698760536,1
2.850850850850851,-0.2770799676112934,-1.9956221142971855,-1.3026510551281674,1.7973073936626056,1
2.854854854854855,0.0187807107103072,-0.6798711406315328,-0.0437610170160851,1.2514518923093,1
2.858858858858859,-0.5499154792805733,-1.112073169938835,0.297741651679308,1.3145389973747172,1
2.8628628628628627,-0.9016184696963012,0.1413045326357272,0.5420535107883235,-0.2467876026312558,1
2.866866866866866,-0.5647550510717554,0.2228398353317558,0.4439807535274072,-0.6215321299816094,1
2.870870870870871,-1.2389049380781008,0.2090215999502397,0.5728205987342162,-0.6204937383542086,1
2.874874874874875,-1.2026017038506096,0.8431261966540364,0.5465397131826385,-1.465526960241057,1
2.878878878878879,-0.2063779235906998,0.9190190583463296,-0.3620598757259045,0.2475418911210277,1
2.8828828828828827,-0.4109767496075182,0.9085868097091814,-0.6777494333608127,0.3231889590095232,1
2.8868868868868867,-0.2705131549350804,-0.2672677939517218,-0.9253321550050724,0.7787575386755516,1
2.890890890890891,-1.818177084151577,1.0173310903277415,-1.4160418592524353,0.7411526858474777,1
2.894894894894895,0.0405513428421611,0.3292305405785879,-0.5728966402540597,0.7710406164584135,1
2.898898898898899,-0.988327536279052,0.1397462982904035,-0.9911579006127492,-0.1937387457594435,1
2.9029029029029028,0.7844073675873271,0.5101329672870405,-0.6967751467832779,-0.8080986179168597,1
2.9069069069069067,0.5170049287272814,-0.9249811234015796,0.0498924931117271,-0.6432651687448524,1
2.910910910910911,0.0533725174078277,-0.4011066239268077,1.0337295584151531,-0.9342655124907768,1
2.914914914914915,0.6619127673895804,0.1458378522636803,0.6144690227931919,-0.5840646459335509,1
2.918918918918919,0.5902123175057549,-0.8979709818084826,1.265435334235939,-0.140608661818025,1
2.9229229229229228,0.7472529490822777,-1.0467435892693688,-0.0921487895718073,0.3489206290015484,1
2.9269269269269267,0.8299313055292523,-0.6472595680877898,-0.4160775585126077,1.32783786522073,1
2.930930930930931,0.3371615456642618,-0.1171497349801747,-1.242664916043311,0.2132099811932077,1
2.934934934934935,0.5553368621908121,0.3544225037706907,-1.1657110699678812,1.542322896706006,1
2.938938938938939,0.9133249956458294,0.5630367285004862,-1.9258683193952089,0.3547241415982908,1
2.942942942942943,0.3546973818081433,1.0208783845993468,-0.2920330322650259,0.1667242831737909,1
2.946946946946947,0.0036672946106881,1.3307842644726038,-0.449425469217986,-1.4552777886553945,1
2.950950950950951,-0.4481811580574014,1.173652774395345,-0.4004888752198729,-0.3868260209473748,1
2.954954954954955,-1.0495981687938394,1.738491217490183,0.1300224775140423,-1.158558937729745,1
2.958958958958959,-0.3213705043368984,1.4985453093762908,0.9942101309147664,-0.1287472557171223,1
2.962962962962963,-0.8465706194116669,0.7716580256373022,0.5700452067382691,0.712994679200734,1
2.966966966966967,-1.248452194535853,0.1997395424755335,1.0176824333765793,1.358897965397471,1
2.970970970970971,-0.7310051705239292,0.2322892500306603,0.8867963971268009,1.209518649913579,1
2.974974974974975,-0.9006681405410342,0.2277642601769648,-0.2757475054611676,0.6088277720692427,1
2.978978978978979,-1.3655739628237151,-1.1516440789125706,-0.4036988411498832,-0.0143220751802719,1
2.982982982982983,-0.7046033808984472,-0.3820493370473146,-0.9440203788139676,-1.1634516333682616,1
2.986986986986987,-0.6023729085985452,-0.8481190373533928,-1.2711827429769516,-0.3205066854844879,1
2.990990990990991,-0.9250776809468526,-0.4434731513352662,-0.1100264832864178,-1.2739251338312794,1
2.994994994994995,-1.1343971839951843,-0.3926474441789659,-0.9803131544771176,-1.1301772727752573,1
2.998998998998999,-0.6938473137471286,-0.5639955205587448,-0.2101360723876189,-0.5443928684163055,1
3.003003003003003,1.1244210095275584,0.0852295152988847,0.2561650287480481,-0.0019269224931829,1
3.007007007007007,-0.0826462857780348,0.6582368116620732,0.5228072653412509,0.7366715209579338,1
3.011011011011011,0.9808101398015155,0.7794959961404812,1.3440627484632377,1.6676421598522926,1
3.015015015015015,0.5478706980287016,1.4740678679753338,0.4961818516874283,0.7343334192145595,1
3.019019019019019,1.087368707765264,0.4204703883590492,0.1690862368755432,-0.5721381173989329,1
3.023023023023023,1.386237847698355,0.5704162371060567,0.9502111576431512,-0.875154583289971,1
3.027027027027027,0.1222639449707122,1.2007329901358128,0.1084328604673496,-1.565822231259935,1
3.031031031031031,0.899804395325762,1.0622851201052883,-0.279459474402228,-0.8828338641803768,1
3.035035035035035,1.1706513836495205,-0.4934865658926615,-1.3847472234701823,-0.3585890915094315,1
3.039039039039039,0.1599114953365478,-0.6085126829784114,-0.1342230304707264,-0.204166582756526,1
3.043043043043043,0.6475348341185432,-0.9776869482276312,-0.2995731468235121,0.194170376837225,1
3.047047047047047,0.2601254938840305,-1.2071411809658052,0.3637154881684337,1.3871364217060065,1
3.051051051051051,0.2013761193576502,-0.8260904913995568,-0.1546441100689152,1.9146090875333508,1
3.055055055055055,-1.1153895565108929,-0.0097321708399892,0.4118719179901611,0.7964627066501778,1
3.059059059059059,-0.137477268487144,-0.843117716518976,0.3196888042424138,-0.2286211568732075,1
3.063063063063063,-0.5793542991402079,-1.219246420266232,1.4523308847602387,0.80056524588764,1
3.067067067067067,-0.7488210432392333,-0.2729785996492401,1.1086585032963718,-1.793784649078896,1
3.071071071071071,-1.6831093737750566,0.6690562424718423,0.8115206284919733,-0.8126757257268178,1
3.075075075075075,-0.4525529449047916,1.0010983452448847,-0.0443974185632526,-1.0627816681352575,1
3.079079079079079,-1.5347627074172083,1.7179009927170878,-0.7443972608721455,-1.244120081171472,1
3.083083083083083,-1.405372207137657,1.2895296891455024,-1.6134942063028408,-0.042680538349599,1
3.0870870870870872,-0.3180105962400006,0.3958420103589974,-0.4578215073605498,0.5353670231755489,1
3.091091091091091,-0.9054383298387184,0.2430272747889458,-1.6708643304761246,1.2957338620227437,1
3.095095095095095,-0.2833312436452257,-0.0458694208469067,0.6331040818919708,0.329101900134263,1
3.099099099099099,0.2018180669132816,-0.0131682884781303,-0.9836280141815404,-0.5605790418795693,1
3.103103103103103,-0.1876545249578275,-0.8642813378615353,-0.1408832831583539,-0.232462027668756,1
3.1071071071071072,0.5689614664497741,-0.0332930183319258,1.1028989259523445,-0.9830048701172152,1
3.111111111111111,1.6141270901314533,-0.1004296630565495,1.1130979993283732,-1.3686168414873583,1
3.115115115115115,-0.5139445967405822,-1.7135496826365229,0.7100153224759713,-0.5049249992293324,1
3.119119119119119,1.0987809135938944,-1.2745627546036713,0.0212729952663205,-0.414794988959077,1
3.123123123123123,1.085099007999283,-0.3604749240832952,-0.2820801487603704,0.8432844136425595,1
3.1271271271271277,1.2711274595450304,-0.4841959517084981,-0.4079955202119703,1.6860979940370715,1
3.131131131131131,-0.0300210437662777,-0.351154326778915,-1.0288014645360652,1.6615714839345723,1
3.135135135135135,0.9539633526483224,0.2041502557106367,-1.9527466161602227,0.4251677229303486,1
3.139139139139139,0.1794814118367138,0.1578499901361142,-1.8947602676307935,0.7943260342898959,1
3.143143143143143,-0.0608698317234783,0.7139736743785683,-1.488735921653537,-0.3433892910120483,1
3.1471471471471477,0.2671663784926325,1.0497544517597897,-0.3560838210438421,-1.354867413205433,1
3.151151151151151,0.5340250970323499,1.2500089135091237,-0.2768753125817391,-1.079500492332176,1
3.155155155155155,-0.2464100660429085,1.0718011296512262,0.7077918846018548,-0.6155473314400436,1
3.159159159159159,-0.796553846518194,0.4703060215387084,0.6435480157148443,0.0355276897394247,1
3.163163163163163,-0.7315138401233015,0.1382998764952966,1.2463052185379917,0.7495464326588285,1
3.1671671671671677,-1.2865557656603688,-0.1545300918584397,0.7744339287490104,0.7536732903772837,1
3.171171171171171,-1.0447763672848809,-0.1343160194736364,-0.4241998873028959,1.2046285987065122,1
3.175175175175175,-0.531050388447167,-1.309196549212474,0.8441917520472787,1.6968033937141034,1
3.179179179179179,-0.3481061899173321,-1.246568272626036,-0.6437069557262283,0.4836896464295925,1
3.183183183183183,-0.5078394964951491,-0.9843138419808114,-0.2700294734111932,-0.9521562378082736,1
3.1871871871871877,-0.2068650206595138,-0.764317754860882,-1.0585274197207095,-1.9588192476794413,1
3.191191191191191,0.0470646080424254,-1.0443476814703236,-0.5993319066213098,-1.1856488926556776,1
3.195195195195195,-0.8769805339186543,0.4102361837729351,-0.3299083761025805,-1.0175453436135886,1
3.199199199199199,0.5007362853163996,-0.0063049925276745,-0.547467563547899,-0.0509096038245435,1
3.203203203203203,0.4225712085762114,-0.2353148307291966,0.0167522618970443,-0.1229016050352415,1
3.2072072072072078,1.04373848851828,0.1889918143267613,1.3898843222187764,0.9624091284958132,1
3.2112112112112112,0.4158772459585927,1.8590586672378848,-0.1931665184593483,1.354698348146017,1
3.215215215215215,1.1356596566375596,1.2483816818306464,1.3936721519231274,0.1690408553651309,1
3.219219219219219,0.7663902220245007,0.9608893924873058,0.6206087617544334,-0.4633681062123065,1
3.2232232232232234,0.7073473181959244,1.532252541981984,-0.5863606396110945,-0.0455918982276254,1
3.2272272272272278,1.270330601437221,0.2109853733525029,-0.443357911972149,-0.7619398360533105,1
3.2312312312312312,0.9728060987380132,-0.0739901528049276,-0.6597574304228402,-0.8785064716840377,1
3.235235235235235,1.1357928548218847,-0.3658128892536862,-0.4537308405882927,-0.5992250643307114,1
3.239239239239239,0.5251504722928425,-0.661487319274816,-1.0623578456012808,-0.1542954435673405,1
3.2432432432432434,-0.1172232147207916,-0.2758496250575603,-0.7300641071164089,1.0164708733513854,1
3.247247247247248,-0.0592195041971096,-0.6510845467786106,-0.031281302361769,1.4367389208635282,1
3.2512512512512517,0.3127368522616651,-1.22683302017188,-0.0443199330220603,0.3854608869930894,1
3.255255255255255,-0.8050562984470253,-0.0390956972075622,0.2577479794598792,0.6875586382835615,1
3.259259259259259,-0.1667239541077606,-0.4333219760863045,1.332510378645107,-0.0349106112509669,1
3.2632632632632634,-1.2514080290001357,0.330504748658541,1.4449644059555729,-0.6432031934389565,1
3.267267267267268,-0.7720044148714502,0.2552631599398165,0.8007619094096412,-1.1236106135109476,1
3.2712712712712717,-1.5300414610834552,0.7806945763191397,0.7405546864277985,0.1040991374395726,1
3.275275275275275,-1.3123016977958415,2.055147282710733,0.1620617947925106,-1.1865125475934262,1
3.279279279279279,-0.4264789513755119,2.206774871334353,-0.6193720942452575,-0.7221574787473619,1
3.2832832832832834,-0.8877822111536413,0.7779065256191173,-0.3452002972672678,0.4725056663621086,1
3.287287287287288,-0.0865828833955226,0.9747607104477202,-1.499975429984484,1.0721916253284025,1
3.2912912912912917,-0.5239594720152,0.6335741881593471,-0.5365474537016088,0.7997531300369464,1
3.295295295295295,-0.8190248195897929,1.1956561756804782,-0.3237328124450551,1.4452957518569551,1
3.299299299299299,-0.1574185538709986,-0.4035099470808254,-0.6903442169172438,-1.0103319416628584,1
3.3033033033033035,0.2232144317592095,0.1629998104194858,0.7334336329514863,-0.7099065582515689,1
3.307307307307308,0.4355728723745892,-0.6581395135938997,0.0063682047242668,-0.4459049931749769,1
3.3113113113113117,0.2701374765313958,-1.0625555065806846,1.3490964789101485,-1.064723429951384,1
3.315315315315315,1.0723950591126454,-1.2939691864807397,0.6765736525115456,-0.7455709954607397,1
3.319319319319319,1.0705276807931294,-0.908937485955504,1.1887706096707724,0.1475629432152295,1
3.3233233233233235,0.3909745623956125,-0.9630492537654246,-0.4633730092888438,0.2118730020118407,1
3.3273273273273274,0.4212305079488858,0.5119716698658962,-1.2282071192957975,0.6115061838291792,1
3.3313313313313317,0.7860728871347614,-0.5061210892538092,-1.0783240154511926,1.1080102932202007,1
3.335335335335335,0.3706749454029666,0.577874026639329,-0.0553754973216248,0.6155545748727677,1
3.339339339339339,0.9528165906983354,0.4072932611886503,-1.783075178135714,-0.1417757055459867,1
3.3433433433433435,0.0672785655324765,0.6624669538064057,-1.0207256537307852,-0.3826705795831254,1
3.3473473473473474,-0.2879634467432598,1.2092950292961189,-0.5161432935612444,-1.6258746021188508,1
3.3513513513513518,-0.4277804122939446,0.6917079215727174,-0.2976441835596307,0.0815466561151344,1
3.3553553553553552,-0.4131527364153896,1.341591669986289,0.3883391265563679,-0.48451498576729,1
3.359359359359359,-0.0367686144913641,0.0095586411650757,0.1816341737027437,0.5778629346758177,1
3.3633633633633635,-1.6244840203386162,-0.1593748892299588,0.2535525596599869,1.2800965185542856,1
3.3673673673673674,-0.5456724892533482,0.6561782557495363,0.6587572166201491,0.4757383891977954,1
3.3713713713713718,-1.212181820596566,-0.4840241771110964,0.6612286684490712,1.4092033404099793,1
3.3753753753753752,-1.1545832721464024,-0.5185548828076685,1.0352057712049312,0.8603008818036506,1
3.379379379379379,-0.9341379697754568,-0.7088608705621,0.2225522828248284,0.0727120510262302,1
3.3833833833833835,-1.4000339602170715,-1.4212688016762618,-0.2901743977911531,0.0502841500505892,1
3.3873873873873874,-1.292332776438879,-0.2670786300562534,-1.018713454546319,-1.3665898259310032,1
3.391391391391392,-0.0105339033327989,-1.088058198154903,-0.8810972498712325,-2.104593663138729,1
3.3953953953953957,-0.8169433416615663,-0.5687521881925892,-0.5706435602790576,-1.1493113390641505,1
3.399399399399399,-0.4398413921934374,-0.7226919011091072,0.9540739919670352,-0.4088443941198663,1
3.4034034034034035,0.9467652372865814,0.3222984678386629,1.195579241439762,0.7343524159078207,0
3.4074074074074074,1.0362010054136048,0.6456433223282286,0.388807631068633,0.8220747118145442,0
3.411411411411412,1.248003949002494,0.628214956718357,1.025593913085377,0.3636072695321866,0
3.4154154154154157,0.8809542487425427,1.4934603102816109,1.664700655542942,0.6944261326641625,0
3.419419419419419,0.3402418825086952,0.7950096565630757,1.6661871838433808,1.120011769652265,0
3.4234234234234235,-0.5204827395955796,2.054137218720585,0.248325771131251,-1.2160648136820953,0
3.4274274274274275,0.4511003278137461,0.4436588120437976,-0.0500144183200234,-1.207948385983559,0
3.431431431431432,0.5943461523493154,0.5265466150432816,-0.5798022373384634,-1.2044552911181765,0
3.4354354354354357,0.6287678349206838,-0.1979876767405186,-1.107404293388638,-1.0916842425039075,0
3.439439439439439,0.5309715643713807,-0.8156850463609485,-0.7128043295486561,-0.3630525671269768,0
3.443443443443444,-0.2432575976104007,-0.8934203572100932,-0.3348214802608717,-0.1092107211115617,0
3.4474474474474475,0.8598188728958952,-0.8091455555691764,-0.5836637523173226,0.2607145514242681,0
3.4514514514514514,-1.0144796089567474,-0.348943025768814,0.9341092277798244,1.244855961080892,0
3.4554554554554557,0.0634809120886022,-0.8930068484561264,0.3184668761264258,1.3273821336232667,0
3.45945945945946,-0.0873499437202198,-0.8150584015563915,1.2629950838085922,0.020585198441869,0
3.463463463463464,-0.1500430204094663,-0.0542699901455631,1.5338433559430058,-0.1592112004332206,0
3.4674674674674675,-0.5580517864856795,0.0777694283970442,0.436739832075258,-1.605218708130371,0
3.4714714714714714,-0.9995662770285724,0.9655752420650978,-0.1812938298584455,0.1473060795655038,0
3.4754754754754758,-0.7845237511888448,0.8177256721449787,0.143152954244036,-0.1986803394981439,0
3.47947947947948,-1.1508746198138824,0.696729057027331,-0.6923607060717242,0.3276471774933042,0
3.483483483483484,-0.2480871741739766,1.487926213951083,-0.9875246794319804,0.9806793816786964,0
3.4874874874874875,-0.1520628495653045,0.9370586624696896,-1.322275885797509,1.534983390392595,0
3.4914914914914914,-0.761726481661307,0.3490285071304241,-1.4131478707952996,1.101306431983036,0
3.4954954954954958,-0.2766667360748589,0.0021446415705241,-0.1701158743167098,1.1062512778049975,0
3.4994994994995,-0.2919843965119374,-0.6137715431395059,-1.183276812355517,-0.1251787570905144,0
3.503503503503504,-0.1236450418476516,-0.8404005657560922,0.0969455075079259,0.0622683600307112,0
3.5075075075075075,-0.1985678380296658,-1.1656688116486325,0.4049691338455293,-0.2539927766331394,0
3.5115115115115114,0.1919005234711909,-1.0325169553298403,0.0920311923108022,-0.6778224064000082,0
3.5155155155155158,1.0574319896860085,-0.9175264818929284,0.232426052511532,-0.0941553638651149,0
3.51951951951952,0.9212768086113414,-0.3578421622623287,-0.0127483909678973,0.3123534013194464,0
3.523523523523524,0.8092844876979188,-1.7696119885286223,-1.0760505415150292,0.959355549516022,0
3.5275275275275275,1.097502111395307,-1.0835719730225135,0.0617073906153027,1.349637902421342,0
3.5315315315315314,0.0638956815366855,0.4775201272725104,-0.5570554750151209,1.6866723673997446,0
3.535535535535536,0.0325220066905189,-0.310861747801715,-0.2045371317705833,1.513584682384114,0
3.53953953953954,0.7727242493108386,-0.0623303146673179,-1.813387338654692,-0.8018525260700377,0
3.543543543543544,-0.2002160541614345,0.3847286815443643,-1.1614321781709802,-0.7480090067213356,0
3.5475475475475475,0.4459444356938502,1.2659896930820826,-0.4517570098419778,-0.6278495141093181,0
3.5515515515515514,0.5530735929412199,0.8990068468060395,0.5273169342080871,0.3037779020391352,0
3.555555555555556,-0.0209146631543138,0.6748900530972938,0.4183447182139949,-1.0069747501592174,0
3.55955955955956,-0.3242432748767145,0.9752413731664372,1.1032620142462874,0.1189834762664911,0
3.563563563563564,-1.0770392141991425,0.2141837848351616,1.1621353956469076,0.2506671837781295,0
3.5675675675675675,-1.1920712681599088,-0.1239449225774458,0.841055635000867,1.9320955578920904,0
3.5715715715715715,-1.1256634840972544,-1.2191201161624714,0.2668027929061564,0.99020751510182,0
3.575575575575576,-1.9840077919201784,-0.6085845691965917,-0.0006003063147162,1.00427849320804,0
3.57957957957958,-1.2285776935772406,-1.230193844577084,0.059950428134493,0.2128047027713109,0
3.583583583583584,-0.5877617183817243,-0.8292158645204203,-0.8629283497685907,-0.6285477818607452,0
3.587587587587588,-0.6423169177582376,-0.4226661948147236,-0.2356477686398826,-0.8197377391721145,0
3.5915915915915915,-1.3443327303164656,-1.9913937517229865,-1.9528172666316423,-0.4782441033459236,0
3.5955955955955954,0.432370658028479,-1.084652832247479,-0.7531857553266104,-0.4836645443607148,0
3.5995995995996,0.3292889424105624,-0.3805497609584374,0.8525717154454939,0.0274571235271861,0
3.603603603603604,0.9962485045339028,-0.4447417624490277,0.603284304441625,0.755059945914062,0
3.607607607607608,0.2424984119303481,0.6784979141053173,0.9317029822319336,1.0118991790760594,0
3.611611611611612,0.7980846258798313,0.7247895941803267,1.018814496679637,0.5895311108138088,0
3.615615615615616,1.9038480091649097,0.7102633473192757,0.1190886104811022,0.533435044928696,0
3.61961961961962,1.3561325360932,1.2263978497172572,0.5102404604746686,0.2127846854317171,0
3.623623623623624,1.1610356880679875,0.5255832789600092,0.2007180007412368,-0.1925856561725258,0
3.627627627627628,1.8726782775534585,1.4125214800789965,-0.0872942722694629,-0.393216588326162,0
3.631631631631632,0.5455712583578092,-0.1382603530295558,-0.761367487297369,-1.3277255451390126,0
3.6356356356356354,0.3078513740683273,-0.0492966858604445,-1.9468920408244732,-0.5472262167140128,0
3.63963963963964,1.2981376916708198,-1.7690315263647542,-0.5221469386151893,0.8134337021151764,0
3.643643643643644,-0.7118926500240685,-1.1658622089007256,-0.4679786018016106,-0.0208766188929453,0
3.647647647647648,-0.0832677886151379,-0.6925822036115616,-0.0453717185352596,1.391550797859615,0
3.651651651651652,-1.1348750547903408,-0.8493157900434355,0.2814353551451517,1.3455458845305244,0
3.655655655655656,-0.290018576564076,-0.2479146169317212,-0.0105461285403929,0.0039590206660897,0
3.65965965965966,-0.8613983484097572,-0.7892494109410924,1.3075901025170191,1.0970739489233985,0
3.663663663663664,-0.4384541515666704,0.3639436916707619,1.493268624582086,0.1792035996026553,0
3.667667667667668,-0.4561107012710259,-0.1996816388890201,0.3986890363301814,-0.3526844035766963,0
3.671671671671672,-1.7330261526514068,-0.5900401244906015,0.9824368517628262,-1.6478777383541128,0
3.675675675675675,-1.174651491048635,0.3719614352981209,-0.7482634567666642,-1.5051330876184348,0
3.67967967967968,-0.3478582498816605,0.1710112753372372,-0.7395612225959955,0.01495667942108,0
3.683683683683684,-0.2799272821064706,0.977006144518452,-1.2805833683191468,0.0572334095086571,0
3.687687687687688,-0.709488758293768,0.9960086334458886,-1.5429231847698537,0.8954838090161701,0
3.691691691691692,-1.143932622265492,1.2964972744567005,-0.872959266946489,0.909086149579698,0
3.695695695695696,-0.5726484137058241,1.1010071715828929,-1.0546624695097613,0.9704545547739022,0
3.6996996996997,-0.9786687441272928,0.4362375957389347,-0.1934533264269115,0.0097319673716585,0
3.703703703703704,-0.3341062073104142,0.0459518348860208,0.6843572248837431,-0.0908212403920054,0
3.707707707707708,0.8237734377065764,-0.4612977000638721,0.7900405071178023,-1.085949043401749,0
3.711711711711712,1.516046495646807,-1.3122095883395306,1.6312705997840171,-1.0572442027055566,0
3.715715715715716,0.3507316991937205,-1.160891283138357,2.007231988712432,0.2246164719848001,0
3.71971971971972,0.9685177043553912,-1.1761463015304232,0.1057780211593247,0.3320189415109527,0
3.723723723723724,2.405959544716859,-1.0935486876557372,0.6843121558200965,0.515154836024136,0
3.727727727727728,2.489012664563885,-0.6926558080439267,-0.0708794355585358,0.2181383397124888,0
3.731731731731732,1.148117955294204,-0.4955403562221847,-1.086265932857144,0.7143755716470576,0
3.735735735735736,1.6367010960544688,-0.4343028773002698,-0.6213985402743833,0.5292996027126823,0
3.73973973973974,0.6624543317479029,-0.4154169128477885,-1.2190963178948135,0.3311836927130508,0
3.743743743743744,0.3523284859078405,-0.3324853812949504,-0.9243970154355796,-0.6676200396416845,0
3.747747747747748,1.008408716113685,0.5724109622381855,-0.6766152168380992,-0.569746990135463,0
3.751751751751752,-0.7284736308661732,1.3373657235925118,0.4689745659689114,-0.8513371650277481,0
3.755755755755756,-0.6090468052061588,1.322815589622785,1.3447834694229512,0.0306013473095709,0
3.75975975975976,-1.0046896031103527,0.8811167690977972,0.4975397030398453,0.3102180626268864,0
3.763763763763764,-1.567950374324917,0.6888449181155815,1.733066666098836,0.331929020757706,0
3.767767767767768,-0.7458393234719133,0.1651816847917538,0.491847574981564,1.6728229049273209,0
3.771771771771772,-0.613415506556966,0.1792367533581861,-0.3184629393388929,0.8011779365187757,0
3.775775775775776,-0.5404913810308762,-1.1861609059585083,-0.5726683274802424,0.3747017497204982,0
3.77977977977978,-0.996494360976062,-1.3211184178803603,-0.5175224798774685,0.0543750267104182,0
3.783783783783784,-1.3563932663676592,0.0192359677057337,-0.996340617765164,-1.0364162690375247,0
3.787787787787788,0.0475150364556129,-1.1093831268683836,-1.1283241286614816,-0.7978494388187999,0
3.791791791791792,-0.6210753086858976,-0.3313632734986006,-0.9126815085057228,-1.100981997939946,0
3.795795795795796,-0.2565271889011477,0.5703199859516463,-0.7146153017074345,-0.6510000142729508,0
3.7997997997998,-0.8123156974276731,-0.2008077329359783,-0.2038759232497358,0.6073153561065132,0
3.803803803803804,0.3147818873180964,1.0146542404737178,0.9767282187333196,1.2854178282683326,0
3.807807807807808,-0.090621131528517,0.7262247695290853,0.76773778398597,0.7587554975525003,0
3.811811811811812,1.0679050091602535,0.4150330252980144,-0.1130469223356352,0.6063922818713661,0
3.815815815815816,0.6113533389980077,0.3509651876317302,0.7066391351114685,1.1643824071199542,0
3.81981981981982,1.3676816885927765,0.4170381425055465,-0.0168498858895761,-0.1119545364384625,0
3.823823823823824,1.2390190300452288,0.6807767175796404,-0.2663424475215941,-0.956832000099288,0
3.827827827827828,1.0557090180361108,0.9864612796892638,-0.5272355828068733,-0.4214120656667582,0
3.831831831831832,-0.0706558882991038,0.5462583748915562,-0.5970289328000075,-1.011001883209686,0
3.835835835835836,1.761703933121891,-0.2391424037919745,-1.165061410711972,-0.8809122873451419,0
3.83983983983984,0.958925914404188,-0.573006379525488,-0.7103004286855025,0.5025354734021823,0
3.843843843843844,0.4102500723416778,-0.5932335435519993,-1.0906845420752456,1.075222686898106,0
3.847847847847848,0.7896633701068445,-1.195448736619091,-0.5623678849064161,1.1642084174421026,0
3.851851851851852,0.4045486684144577,-2.512479363077187,0.9512510687457344,0.3087120093763279,0
3.855855855855856,-0.3377198500016371,-0.0156388101139441,0.4641742011176599,0.6639226033581522,0
3.85985985985986,-0.7512985803022125,-0.301565266827375,0.4973003009188749,-0.182724015402139,0
3.863863863863864,-1.055287657487014,-0.8954063324560222,0.4946534841303751,-0.9616379773500876,0
3.867867867867868,-0.9592248304312162,0.0269891649995057,0.7011877760970243,-1.2056992773635054,0
3.871871871871872,-1.511934849509192,0.4119883136426681,-0.1802062546496003,-1.0614203423177755,0
3.875875875875876,-0.9701921692971462,0.9573885685796202,0.2918261138798501,-0.0535680307646169,0
3.87987987987988,-0.5139225571846693,1.1345322686134764,-0.6460331503728416,-0.3999487461617256,0
3.883883883883884,-0.7734581241272191,0.7952919041872009,-0.7593536832641679,0.722467260005339,0
3.887887887887888,-0.7407533227528881,1.1137236508127315,-1.6279367995590484,0.9315265135658456,0
3.891891891891892,-0.3154449100106858,1.5456339548567914,-0.7522346668820646,1.436651663154745,0
3.895895895895896,-0.4387428751635283,0.0062735374950301,-0.1513220370002168,0.9639403235596262,0
3.8998998998999,-0.0802543129423232,0.0129578582450066,-0.3077293281968715,0.2815555314444356,0
3.903903903903904,0.8725988011402954,-0.0222458577598153,0.1867060976087692,-0.0967105950131307,0
3.907907907907908,0.6591460109937083,0.3917029822268992,0.4850860825155864,-1.213110128133212,0
3.911911911911912,0.8389865605623044,-0.9144578054649204,0.30672469026874,-1.0844919684668313,0
3.915915915915916,0.3086967627063451,-2.0616472296838846,1.1618412643789948,-0.6520943062907005,0
3.91991991991992,1.889130155910612,-1.150232526208529,0.2374778483232269,0.5357856322346131,0
3.923923923923924,1.98729060069258,-0.3506063415051185,0.004879373380898,1.2642022890685298,0
3.927927927927928,0.3514558769600264,-1.5974644304136831,-0.0831332442110263,1.0179705186306565,0
3.931931931931932,0.3411870863154183,-0.8274347558810171,-0.7688553460033924,0.6014233741753663,0
3.935935935935936,0.5156816712062146,0.4331361318508275,-1.773492411925,0.1723004965566506,0
3.93993993993994,0.523291888024311,0.2480723812548024,-1.1934602979580484,0.8238932442484579,0
3.943943943943944,0.2907760191770647,0.5033665694428959,-0.8906124487772061,-0.4218619482967808,0
3.947947947947948,-0.1160649113661181,1.0805342635021686,-0.732577854380297,-1.7746109165871435,0
3.951951951951952,0.0642349237740474,1.7973531540591203,0.647507050031215,-0.5938024889386169,0
3.955955955955956,-0.1438855229697183,1.7920657507310094,0.9509260293852552,0.3360426458305693,0
3.95995995995996,0.0771485660456436,0.5864462567620675,1.1619585625077054,0.4051182442309431,0
3.963963963963964,-0.7181314049782077,0.4925433903847016,1.769046702106275,-0.1070087387973743,0
3.967967967967968,-0.4699099232687325,-0.6005077494152771,1.3958868103876458,0.715394104360501,0
3.971971971971972,-0.7060298498255897,0.1543552803194534,0.5556799514560081,0.5493736467292086,0
3.975975975975976,-1.692587350308164,-1.031364275733438,-0.5888230676770814,0.5172125983401522,0
3.97997997997998,-0.3619896475654216,-0.511916708561814,-1.007651665367331,-0.1977890767263848,0
3.983983983983984,-1.593757972881554,-0.1875300618295885,-1.308705888359151,-0.2836050525281616,0
3.987987987987988,-1.0774609355293618,-1.2267752380497066,-2.023299465755955,-0.7506625166151566,0
3.991991991991992,-0.9275075260209412,-0.7079961797448906,-0.3272337278564691,-0.2348475324232443,0
3.995995995995996,0.1181435870424664,-0.1813731704235751,-0.5601389826868451,0.2424186255852221,0
4.0,0.5336967439875715,-0.2960885338898106,-0.1326658253900583,0.2500450912766853,0
